Country,Country_Code,Year,total_population,population_density_sq_km,urban_population_percent,rural_population_percent,electricity_access_percent,renewable_energy_consumption_percent,clean_fuel_tech_cooking_percent,co2_emissions_excl_lulucf,gdp
Armenia,ARM,2008,3087100.0,108.4334387,63.64,36.36,99.2,6.4,94.9,5.6482,11662040713.8753
Armenia,ARM,2009,3066000.0,107.6923077,63.54,36.46,99.3,7.8,95.6,4.5018,8647937081.2562
Armenia,ARM,2010,3044800.0,106.9476642,63.44,36.56,99.8,9.4,96.1,4.2988,9260285755.62424
Armenia,ARM,2011,3027900.0,106.3540569,63.34,36.66,99.5,8.0,96.6,4.9037,10142111824.5835
Armenia,ARM,2012,3024100.0,106.2205831,63.24,36.76,99.5,6.6,96.8,5.6692,10619320682.9474
Armenia,ARM,2013,3022000.0,106.1468212,63.164,36.836,99.4,6.8,97.1,5.4813,11121464437.0415
Armenia,ARM,2014,3013800.0,105.8587987,63.112,36.888,99.7,7.1,97.3,5.4722,11609513246.7958
Armenia,ARM,2015,3004600.0,105.5356516,63.085,36.915,100.0,10.7,97.5,5.3342,10553337518.414
Armenia,ARM,2016,2992300.0,105.1036178,63.082,36.918,99.8,13.2,97.6,5.0789,10546136235.5219
Armenia,ARM,2017,2979400.0,104.6505093,63.103,36.897,99.7,12.6,97.7,5.3808,11527458709.0158
Armenia,ARM,2018,2969000.0,104.2852125,63.149,36.851,99.9,11.1,97.8,5.6947,12457940694.7395
Armenia,ARM,2019,2962500.0,104.056902,63.219,36.781,100.0,10.3,97.9,6.182,13619290539.2116
Armenia,ARM,2020,2961500.0,104.0217773,63.313,36.687,100.0,8.4,97.9,6.7038,12641698583.2152
Austria,AUT,2008,8321496.0,100.8421716,57.966,42.034,100.0,29.7,100.0,74.5096,429234399096.173
Austria,AUT,2009,8343323.0,101.1066772,57.683,42.317,100.0,31.3,100.0,67.9079,399290118782.429
Austria,AUT,2010,8363404.0,101.3500242,57.399,42.601,100.0,31.1,100.0,73.581,389827789217.634
Austria,AUT,2011,8391643.0,101.6922322,57.115,42.885,100.0,31.6,100.0,71.9557,428954737064.057
Austria,AUT,2012,8429991.0,102.1569438,57.147,42.853,100.0,34.4,100.0,68.8985,406750487603.59
Austria,AUT,2013,8479823.0,102.7608216,57.336,42.664,100.0,34.6,100.0,69.4999,426580502769.417
Austria,AUT,2014,8546356.0,103.5670868,57.526,42.474,100.0,35.7,100.0,65.8761,438556021078.034
Austria,AUT,2015,8642699.0,104.7345977,57.715,42.285,100.0,34.8,100.0,67.2562,379546097300.633
Austria,AUT,2016,8736668.0,105.8733398,57.905,42.095,100.0,34.6,100.0,67.6656,393687359770.273
Austria,AUT,2017,8797566.0,106.6113185,58.094,41.906,100.0,34.0,100.0,69.9541,414926138132.691
Austria,AUT,2018,8840521.0,107.1318589,58.297,41.703,100.0,34.1,100.0,66.9575,452582294972.775
Austria,AUT,2019,8879920.0,107.6093068,58.515,41.485,100.0,34.0,100.0,68.5563,442983642371.842
Austria,AUT,2020,8916864.0,108.0570044,58.748,41.252,100.0,35.8,100.0,62.6299,434397601557.696
Belarus,BLR,2008,9527985.0,46.95855635,73.726,26.274,93.2,7.1,98.1,64.4619,60752106347.126
Belarus,BLR,2009,9504583.0,46.84414336,74.172,25.828,93.8,7.4,98.5,61.352,50873167326.0414
Belarus,BLR,2010,9483836.0,46.74096855,74.672,25.328,94.4,7.3,98.7,65.8561,57231904542.8755
Belarus,BLR,2011,9461643.0,46.62975211,75.188,24.812,95.0,7.5,99.0,62.6977,61762382327.9319
Belarus,BLR,2012,9446836.0,46.5593029,75.697,24.303,95.6,7.2,99.2,63.98,65685890438.8922
Belarus,BLR,2013,9443211.0,46.53937252,76.199,23.801,96.2,7.0,99.3,64.1533,75527558966.4473
Belarus,BLR,2014,9448515.0,46.55060033,76.693,23.307,96.8,6.7,99.4,63.6974,78812805039.0743
Belarus,BLR,2015,9461076.0,46.61133719,77.181,22.819,97.4,6.8,99.5,59.0118,56454889146.6088
Belarus,BLR,2016,9469379.0,46.64994482,77.661,22.339,98.0,6.7,99.5,58.9515,47723545321.259
Belarus,BLR,2017,9458989.0,46.59875953,78.134,21.866,98.7,7.3,99.6,60.1134,54725302249.8088
Belarus,BLR,2018,9438785.0,46.50105922,78.595,21.405,99.3,7.2,99.7,63.4636,60031173807.7196
Belarus,BLR,2019,9419758.0,46.41075062,79.044,20.956,100.0,7.8,99.7,61.3005,64410122847.3508
Belarus,BLR,2020,9379952.0,46.21121293,79.483,20.517,100.0,8.4,99.7,58.0941,61371755326.2351
Belgium,BEL,2008,10709973.0,353.079913,97.555,2.445,100.0,4.0,100.0,114.3278,517328087920.078
Belgium,BEL,2009,10796493.0,355.932252,97.603,2.397,100.0,4.9,100.0,107.0745,485014525992.461
Belgium,BEL,2010,10895586.0,359.1990901,97.651,2.349,100.0,6.2,100.0,114.6444,481556503720.001
Belgium,BEL,2011,11038264.0,363.9028121,97.698,2.302,100.0,6.7,100.0,104.2439,527196649048.639
Belgium,BEL,2012,11106932.0,366.1666172,97.744,2.256,100.0,7.7,100.0,102.773,498414364944.961
Belgium,BEL,2013,11159407.0,367.8965813,97.789,2.211,100.0,8.3,100.0,104.1691,524097026598.55
Belgium,BEL,2014,11209057.0,369.5334125,97.833,2.167,100.0,9.1,100.0,97.4685,537987419164.351
Belgium,BEL,2015,11274196.0,371.6808756,97.876,2.124,100.0,9.4,100.0,102.0938,461044767544.531
Belgium,BEL,2016,11331422.0,373.5674678,97.919,2.081,100.0,9.2,100.0,101.0047,474271566739.729
Belgium,BEL,2017,11375158.0,375.0093298,97.961,2.039,100.0,9.7,100.0,99.4023,500908767351.53
Belgium,BEL,2018,11427054.0,374.7435149,98.001,1.999,100.0,10.7,100.0,100.1343,542638913427.921
Belgium,BEL,2019,11488980.0,376.761986,98.041,1.959,100.0,10.2,100.0,100.0509,536726344405.489
Belgium,BEL,2020,11538604.0,378.3893225,98.079,1.921,100.0,12.3,100.0,92.3731,529694473501.791
Brazil,BRA,2008,190367302.0,22.77627582,83.749,16.251,98.5,47.0,93.1,409.2582,1695855083552.05
Brazil,BRA,2009,192079951.0,22.98118373,84.044,15.956,98.9,48.9,93.4,382.7997,1666996438681.46
Brazil,BRA,2010,193701929.0,23.17524342,84.335,15.665,98.6,46.8,93.9,436.393,2208837745214.23
Brazil,BRA,2011,195284734.0,23.36461629,84.631,15.369,99.3,45.2,94.3,458.3598,2616156223977.47
Brazil,BRA,2012,196876111.0,23.55501475,84.923,15.077,99.5,43.5,94.7,495.2275,2465227803011.57
Brazil,BRA,2013,198478299.0,23.74670668,85.209,14.791,99.6,42.3,95.1,520.3719,2472819535742.73
Brazil,BRA,2014,200085127.0,23.93895376,85.492,14.508,99.7,41.7,95.4,545.1421,2456043727198.85
Brazil,BRA,2015,201675532.0,24.12923593,85.77,14.23,99.7,43.7,95.7,515.5152,1802212206904.68
Brazil,BRA,2016,203218114.0,24.31379637,86.042,13.958,99.7,45.4,95.8,480.8269,1795693482652.52
Brazil,BRA,2017,204703445.0,24.49150708,86.309,13.691,99.8,45.3,96.1,492.7353,2063514977334.32
Brazil,BRA,2018,206107261.0,24.65946502,86.569,13.431,99.7,46.9,96.2,468.764,1916933898038.36
Brazil,BRA,2019,207455459.0,24.82076862,86.824,13.176,99.8,47.5,96.4,468.014,1873288205186.45
Brazil,BRA,2020,208660842.0,24.96498527,87.073,12.927,99.7,50.0,96.4,447.6954,1476107231194.11
Canada,CAN,2008,33247298.0,3.708322375,80.578,19.422,100.0,21.6,100.0,580.5967,1552989690721.65
Canada,CAN,2009,33630069.0,3.751015717,80.758,19.242,100.0,22.2,100.0,547.2832,1374625142157.29
Canada,CAN,2010,34005902.0,3.792935211,80.937,19.063,100.0,21.4,100.0,563.41,1617343367486.26
Canada,CAN,2011,34339221.0,3.830112798,81.096,18.904,100.0,21.5,100.0,575.9768,1793326630174.52
Canada,CAN,2012,34713395.0,3.871847252,81.137,18.863,100.0,21.8,100.0,573.5173,1828366481521.6
Canada,CAN,2013,35080992.0,3.912848123,81.178,18.822,100.0,22.2,100.0,582.6315,1846597421834.98
Canada,CAN,2014,35434066.0,3.952229134,81.218,18.782,100.0,22.2,100.0,588.8153,1805749878439.94
Canada,CAN,2015,35704498.0,3.982392458,81.259,18.741,100.0,22.3,100.0,585.6989,1556508816217.14
Canada,CAN,2016,36110803.0,4.027710725,81.3,18.7,100.0,22.1,100.0,584.0312,1527994741907.43
Canada,CAN,2017,36545075.0,4.076148363,81.35,18.65,100.0,22.8,100.0,595.0612,1649265644244.09
Canada,CAN,2018,37072620.0,4.134989443,81.411,18.589,100.0,22.3,100.0,606.8575,1725329192783.02
Canada,CAN,2019,37618495.0,4.195875007,81.482,18.518,100.0,22.4,100.0,593.9794,1743725183672.52
Canada,CAN,2020,38028638.0,4.241621355,81.562,18.438,100.0,23.9,100.0,544.9676,1655684730000.19
China,CHN,2008,1324655000.0,141.0977052,46.539,53.461,98.8,14.1,52.7,7774.9554,4594336785737.67
China,CHN,2009,1331260000.0,141.8012441,47.88,52.12,99.1,13.4,55.2,8340.2013,5101691124285.21
China,CHN,2010,1337705000.0,142.4877434,49.226,50.774,99.7,12.3,57.4,9124.9114,6087191746679.49
China,CHN,2011,1345035000.0,143.2685098,50.511,49.489,99.9,11.3,60.1,9975.9314,7551545703440.75
China,CHN,2012,1354190000.0,144.243669,51.765,48.235,99.9,11.5,62.9,10288.8595,8532185381680.59
China,CHN,2013,1363240000.0,145.2076439,53.013,46.987,100.0,11.5,65.8,10782.993,9570471111831.68
China,CHN,2014,1371860000.0,146.1258167,54.259,45.741,100.0,11.9,68.8,10909.7228,10475624944355.2
China,CHN,2015,1379860000.0,146.9779493,55.5,44.5,100.0,12.2,71.5,10768.9819,11061572618578.7
China,CHN,2016,1387790000.0,147.8226414,56.736,43.264,100.0,12.6,74.4,10786.0992,11233313730348.7
China,CHN,2017,1396215000.0,148.7200435,57.96,42.04,100.0,13.1,77.1,11026.1102,12310491333980.9
China,CHN,2018,1402760000.0,149.4171945,59.152,40.848,100.0,13.5,79.5,11553.536,13894907857880.6
China,CHN,2019,1407745000.0,149.9481797,60.308,39.692,100.0,14.3,82.0,11819.3583,14279968506271.7
China,CHN,2020,1411100000.0,150.3055428,61.428,38.572,100.0,14.9,83.8,12037.3161,14687744162801.0
Colombia,COL,2008,43758808.0,39.44011537,77.204,22.796,96.8,30.8,83.9,61.4985,242504150472.931
Colombia,COL,2009,44271541.0,39.90224516,77.587,22.413,96.1,31.4,84.9,64.3763,232468663109.595
Colombia,COL,2010,44777319.0,40.35810635,77.964,22.036,96.8,30.6,85.6,66.1633,286498534094.963
Colombia,COL,2011,45259614.0,40.79280216,78.335,21.665,96.7,29.6,86.5,71.4373,334966134804.887
Colombia,COL,2012,45715810.0,41.20397476,78.701,21.299,97.0,29.6,87.1,71.6643,370691143018.039
Colombia,COL,2013,46151584.0,41.59674087,79.061,20.939,97.8,32.0,87.9,79.3336,382093697077.685
Colombia,COL,2014,46565429.0,41.96974223,79.415,20.585,97.8,32.1,88.8,81.4547,381240864422.407
Colombia,COL,2015,46969940.0,42.33433078,79.764,20.236,98.2,31.1,89.4,82.5923,293492370193.166
Colombia,COL,2016,47437512.0,42.75575665,80.108,19.892,98.4,30.5,90.0,85.4112,282720100286.228
Colombia,COL,2017,48131078.0,43.38087247,80.446,19.554,98.5,32.2,90.7,77.7974,311866875156.879
Colombia,COL,2018,49024465.0,44.18608833,80.778,19.222,98.5,30.4,91.4,81.6321,334198218098.276
Colombia,COL,2019,49907985.0,44.982411,81.104,18.896,99.4,31.5,91.9,81.4829,323031701192.84
Colombia,COL,2020,50629997.0,45.63316539,81.425,18.575,99.7,32.0,92.6,81.268,270348342541.465
Costa Rica,CRI,2008,4440056.0,86.95761849,69.39,30.61,99.3,40.7,91.8,7.635,30801745700.4514
Costa Rica,CRI,2009,4499791.0,88.12751665,70.575,29.425,99.4,40.7,92.1,7.3266,30745714312.6417
Costa Rica,CRI,2010,4555962.0,89.22761457,71.736,28.264,99.0,40.4,92.4,7.2454,37658616951.8038
Costa Rica,CRI,2011,4609833.0,90.28266745,72.868,27.132,99.2,38.0,92.8,7.7059,42762613698.9636
Costa Rica,CRI,2012,4663934.0,91.34222483,73.946,26.054,99.5,38.1,93.2,7.6448,47231655431.7355
Costa Rica,CRI,2013,4716147.0,92.36480611,74.97,25.03,99.6,37.8,93.5,7.9449,50949668841.6696
Costa Rica,CRI,2014,4767119.0,93.36308265,75.941,24.059,99.4,37.6,93.9,8.0558,52016408854.2658
Costa Rica,CRI,2015,4818038.0,94.36032119,76.862,23.138,99.4,38.3,94.2,7.7698,56441920820.5194
Costa Rica,CRI,2016,4866998.0,95.31919311,77.735,22.265,99.5,34.1,94.6,8.2305,58847019609.6549
Costa Rica,CRI,2017,4913177.0,96.22359969,78.56,21.44,99.6,33.3,95.0,8.3771,60516044656.5206
Costa Rica,CRI,2018,4957818.0,97.09788484,79.34,20.66,99.7,33.1,95.3,8.4455,62420164991.5374
Costa Rica,CRI,2019,4999553.0,97.91525656,80.076,19.924,99.7,33.4,95.6,8.1893,64417670521.3545
Costa Rica,CRI,2020,5034320.0,98.59616138,80.771,19.229,99.9,36.4,95.9,7.1732,62395610760.0492
Croatia,HRV,2008,4309705.0,77.00852334,54.819,45.181,100.0,24.1,100.0,23.2226,68478776205.9826
Croatia,HRV,2009,4305181.0,76.92768566,54.987,45.013,100.0,27.2,100.0,21.572,62321642125.1721
Croatia,HRV,2010,4295427.0,76.75339504,55.155,44.845,100.0,29.8,100.0,20.8272,58981738868.753
Croatia,HRV,2011,4280622.0,76.48884997,55.322,44.678,100.0,27.2,100.0,20.3379,62903737379.7834
Croatia,HRV,2012,4260368.0,76.12693875,55.506,44.494,100.0,29.4,100.0,18.6918,57551963753.2104
Croatia,HRV,2013,4233922.0,75.65438496,55.706,44.294,100.0,32.8,100.0,18.3064,59852401272.3204
Croatia,HRV,2014,4201598.0,75.07679937,55.923,44.077,100.0,33.6,100.0,17.6208,59612144078.4133
Croatia,HRV,2015,4151725.0,74.1856372,56.155,43.845,100.0,33.1,100.0,17.9625,51005200669.6941
Croatia,HRV,2016,4106867.0,73.3840862,56.403,43.597,100.0,31.8,100.0,18.2083,52654855638.1057
Croatia,HRV,2017,4041407.0,72.21440569,56.667,43.333,100.0,29.8,100.0,18.7342,56186190437.9959
Croatia,HRV,2018,3988775.0,71.27394396,56.947,43.053,100.0,32.8,100.0,17.7075,61668130122.5878
Croatia,HRV,2019,3949390.0,70.57018798,57.242,42.758,100.0,31.6,100.0,17.935,61467582193.6824
Croatia,HRV,2020,3914206.0,69.9464975,57.553,42.447,100.0,32.4,100.0,17.014,57963370885.0798
Cyprus,CYP,2008,1091026.0,118.0764069,67.839,32.161,100.0,5.7,100.0,8.4936,27844646257.507
Cyprus,CYP,2009,1109371.0,120.0617965,67.695,32.305,100.0,6.3,100.0,8.2866,26048179949.1741
Cyprus,CYP,2010,1127816.0,122.0580087,67.551,32.449,100.0,6.5,100.0,7.9134,25799940077.6075
Cyprus,CYP,2011,1146493.0,124.079329,67.406,32.594,100.0,7.6,100.0,7.6557,27641547909.7011
Cyprus,CYP,2012,1165397.0,126.1252165,67.261,32.739,100.0,8.6,100.0,7.1208,25047436974.6819
Cyprus,CYP,2013,1183895.0,128.1271645,67.137,32.863,100.0,9.7,100.0,6.4395,23959712860.8331
Cyprus,CYP,2014,1201801.0,130.0650433,67.031,32.969,100.0,9.5,100.0,6.8161,23225918259.9824
Cyprus,CYP,2015,1219502.0,131.9807359,66.946,33.054,100.0,10.4,100.0,6.855,19909278416.8575
Cyprus,CYP,2016,1237112.0,133.8865801,66.881,33.119,100.0,10.3,100.0,7.2207,21046462280.5979
Cyprus,CYP,2017,1254275.0,135.7440476,66.836,33.164,100.0,10.9,100.0,7.3619,22946570628.7576
Cyprus,CYP,2018,1270737.0,137.5256494,66.81,33.19,100.0,12.0,100.0,7.2127,25754001367.5448
Cyprus,CYP,2019,1286671.0,139.2501082,66.805,33.195,100.0,12.0,100.0,7.2148,26196667099.5303
Cyprus,CYP,2020,1302247.0,140.9358225,66.821,33.179,100.0,15.0,100.0,6.8,25555093854.2968
Czechia,CZE,2008,10384603.0,134.4459218,73.394,26.606,100.0,9.0,100.0,125.3114,236506264753.95
Czechia,CZE,2009,10443936.0,135.214086,73.324,26.676,100.0,10.2,100.0,118.9909,206971882704.716
Czechia,CZE,2010,10474410.0,135.6261815,73.255,26.745,100.0,10.9,100.0,120.345,211168667286.27
Czechia,CZE,2011,10496088.0,135.9068756,73.185,26.815,100.0,12.2,100.0,117.555,231429378717.312
Czechia,CZE,2012,10510785.0,136.0971773,73.197,26.803,100.0,12.8,100.0,113.4623,210363223087.728
Czechia,CZE,2013,10514272.0,136.1599586,73.29,26.71,100.0,13.9,100.0,108.945,213024360541.119
Czechia,CZE,2014,10525347.0,136.30338,73.384,26.616,100.0,14.8,100.0,106.6095,210911285077.683
Czechia,CZE,2015,10546059.0,136.589289,73.477,26.523,100.0,14.8,100.0,107.5739,189107698561.919
Czechia,CZE,2016,10566332.0,136.8518586,73.57,26.43,100.0,14.8,100.0,109.0102,198160659303.939
Czechia,CZE,2017,10594438.0,137.2158788,73.675,26.325,100.0,14.5,100.0,109.8664,221563575696.217
Czechia,CZE,2018,10629928.0,137.6755343,73.792,26.208,100.0,14.7,100.0,108.6618,251992360762.236
Czechia,CZE,2019,10671870.0,138.2268103,73.921,26.079,100.0,15.9,100.0,103.2747,256794209028.77
Czechia,CZE,2020,10697858.0,138.5759288,74.061,25.939,100.0,17.0,100.0,94.2044,251109660602.536
Denmark,DNK,2008,5493621.0,137.340525,86.487,13.513,100.0,18.5,100.0,50.6624,354979471960.142
Denmark,DNK,2009,5523095.0,138.077375,86.654,13.346,100.0,19.3,100.0,48.4684,322619152194.594
Denmark,DNK,2010,5547683.0,138.692075,86.795,13.205,100.0,21.2,100.0,48.58,322345594075.47
Denmark,DNK,2011,5570572.0,139.2643,86.957,13.043,100.0,23.8,100.0,43.5074,344315595263.175
Denmark,DNK,2012,5591572.0,139.7893,87.142,12.858,100.0,26.9,100.0,38.6096,326792574244.963
Denmark,DNK,2013,5614932.0,140.3733,87.292,12.708,100.0,27.0,100.0,40.3534,344631016965.12
Denmark,DNK,2014,5643475.0,141.086875,87.41,12.59,100.0,30.2,100.0,36.2169,352832602064.452
Denmark,DNK,2015,5683483.0,142.087075,87.526,12.474,100.0,32.5,100.0,34.0852,301758922337.637
Denmark,DNK,2016,5728010.0,143.20025,87.642,12.358,100.0,32.0,100.0,35.7161,312181849372.233
Denmark,DNK,2017,5764980.0,144.1245,87.757,12.243,100.0,35.0,100.0,33.582,331610593961.988
Denmark,DNK,2018,5793636.0,144.8409,87.874,12.126,100.0,34.6,100.0,33.5742,355293374912.393
Denmark,DNK,2019,5814422.0,145.36055,87.994,12.006,100.0,37.2,100.0,30.0831,345401473012.615
Denmark,DNK,2020,5831404.0,145.7851,88.116,11.884,100.0,39.5,100.0,27.6033,355631021931.621
Dominican Republic,DOM,2008,9573130.0,198.1604223,71.3,28.7,97.6,17.7,87.1,20.6535,48122601530.3324
Dominican Republic,DOM,2009,9695265.0,200.6885738,72.542,27.458,97.9,17.3,87.3,19.8004,48261078913.7266
Dominican Republic,DOM,2010,9820175.0,203.2741668,73.753,26.247,98.1,16.9,87.5,20.8377,53860187257.9593
Dominican Republic,DOM,2011,9945621.0,205.8708549,74.827,25.173,97.9,16.8,87.6,21.0813,58029773599.455
Dominican Republic,DOM,2012,10070411.0,208.453964,75.802,24.198,97.9,16.5,87.9,21.8534,60681535652.5373
Dominican Republic,DOM,2013,10193833.0,211.008756,76.749,23.251,98.4,16.6,88.3,21.4596,62682159338.0354
Dominican Republic,DOM,2014,10315528.0,213.5277996,77.67,22.33,98.5,17.3,88.6,21.6743,67179955677.2791
Dominican Republic,DOM,2015,10434829.0,215.9972883,78.566,21.434,98.6,14.9,89.1,23.8,71164826836.5281
Dominican Republic,DOM,2016,10551430.0,218.410888,79.436,20.564,98.9,15.3,89.6,24.7963,75704647877.6559
Dominican Republic,DOM,2017,10666843.0,220.7998965,80.277,19.723,100.0,16.9,90.2,23.7362,79998046306.0
Dominican Republic,DOM,2018,10782053.0,223.184703,81.074,18.926,98.9,15.9,90.7,25.5515,85555390139.118
Dominican Republic,DOM,2019,10894043.0,226.0267745,81.828,18.172,99.0,14.4,91.3,25.9419,88941372558.2397
Dominican Republic,DOM,2020,11008300.0,228.3973491,82.54,17.46,100.0,16.0,91.9,23.0619,78844656298.1776
Ecuador,ECU,2008,14575202.0,58.68578676,62.3,37.7,97.2,15.3,93.4,31.8179,61139438000.0
Ecuador,ECU,2009,14825954.0,59.69541794,62.495,37.505,96.5,12.9,93.6,34.6222,60094978000.0
Ecuador,ECU,2010,15076695.0,60.70500483,62.69,37.31,97.5,11.8,94.0,37.3219,68151329000.0
Ecuador,ECU,2011,15326227.0,61.70972379,62.851,37.149,96.9,13.2,93.95,37.6935,78986648000.0
Ecuador,ECU,2012,15572194.0,62.70008858,62.988,37.012,97.2,13.2,94.0,37.8686,87735048000.0
Ecuador,ECU,2013,15807128.0,63.64602996,63.125,36.875,98.0,11.8,94.2,40.2925,96570334000.0
Ecuador,ECU,2014,16035124.0,64.56403608,63.261,36.739,99.0,12.2,94.2,42.4828,102718000000.0
Ecuador,ECU,2015,16266225.0,65.49454421,63.398,36.602,98.8,13.1,94.3,42.2047,97209558000.0
Ecuador,ECU,2016,16505139.0,66.45651071,63.534,36.466,98.7,14.8,94.4,40.9127,97671433000.0
Ecuador,ECU,2017,16759519.0,67.48074972,63.67,36.33,99.2,17.0,94.4,39.7064,104467000000.0
Ecuador,ECU,2018,17049547.0,68.64852231,63.821,36.179,98.7,16.3,94.5,41.3159,107479000000.0
Ecuador,ECU,2019,17340021.0,69.81809067,63.986,36.014,99.1,17.7,94.4,40.7692,107596000000.0
Ecuador,ECU,2020,17546065.0,70.64770897,64.166,35.834,98.9,20.2,94.4,35.6829,95865472000.0
Estonia,EST,2008,1337090.0,31.5425808,68.351,31.649,100.0,20.5,100.0,20.2026,24342935403.5447
Estonia,EST,2009,1334515.0,31.48183534,68.223,31.777,100.0,24.2,100.0,16.824,19633984440.1223
Estonia,EST,2010,1331475.0,31.41012031,68.094,31.906,100.0,25.3,100.0,21.6256,19524355419.038
Estonia,EST,2011,1327439.0,31.31490918,67.965,32.035,100.0,25.2,100.0,21.7324,23303915794.7569
Estonia,EST,2012,1322696.0,31.20301958,67.974,32.026,100.0,25.0,100.0,20.5968,23237406116.3988
Estonia,EST,2013,1317997.0,30.31969174,68.122,31.878,100.0,24.5,100.0,22.9377,25451032780.7573
Estonia,EST,2014,1314545.0,30.24028065,68.269,31.731,100.0,25.3,100.0,22.003,27055689003.0038
Estonia,EST,2015,1315407.0,30.26011042,68.416,31.584,100.0,28.2,100.0,19.9902,23311847750.9394
Estonia,EST,2016,1315790.0,30.2689211,68.563,31.437,100.0,27.2,100.0,19.9891,24561027787.7896
Estonia,EST,2017,1317384.0,30.816,68.717,31.283,100.0,27.5,100.0,21.2239,27469461919.1189
Estonia,EST,2018,1321977.0,30.9234386,68.88,31.12,100.0,28.6,100.0,22.3408,31222632740.7247
Estonia,EST,2019,1326898.0,31.03854971,69.051,30.949,100.0,31.3,100.0,14.7106,31873748770.0313
Estonia,EST,2020,1329522.0,31.09992982,69.229,30.771,100.0,40.4,100.0,11.5416,31820771493.8974
Finland,FIN,2008,5313399.0,17.48403751,83.299,16.701,100.0,34.6,100.0,59.0946,285698662071.094
Finland,FIN,2009,5338871.0,17.56785456,83.429,16.571,100.0,32.5,100.0,56.5001,253480783439.453
Finland,FIN,2010,5363352.0,17.64841066,83.77,16.23,100.0,33.4,100.0,65.397,249429613683.334
Finland,FIN,2011,5388272.0,17.73099477,84.313,15.687,100.0,35.1,100.0,57.768,275126915515.565
Finland,FIN,2012,5413971.0,17.81556155,84.841,15.159,100.0,38.7,100.0,51.9019,257443384492.969
Finland,FIN,2013,5438972.0,17.89783145,85.125,14.875,100.0,38.5,100.0,53.0017,270268036626.275
Finland,FIN,2014,5461512.0,17.97200303,85.175,14.825,100.0,41.2,100.0,49.0463,273478528954.901
Finland,FIN,2015,5479531.0,18.03011089,85.225,14.775,100.0,43.2,100.0,45.6594,233210733506.25
Finland,FIN,2016,5495303.0,18.08200783,85.275,14.725,100.0,42.4,100.0,48.4776,238777818792.608
Finland,FIN,2017,5508214.0,18.12389445,85.325,14.675,100.0,44.4,100.0,45.5711,253846000000.0
Finland,FIN,2018,5515525.0,18.14795012,85.382,14.618,100.0,44.2,100.0,47.1684,273869255596.078
Finland,FIN,2019,5521606.0,18.16736091,85.446,14.554,100.0,45.4,100.0,43.7069,267014821129.411
Finland,FIN,2020,5529543.0,18.19287688,85.517,14.483,100.0,47.3,100.0,39.0201,270000311606.226
France,FRA,2008,64375116.0,117.5678806,77.868,22.132,100.0,10.5,100.0,381.9631,2926802941585.86
France,FRA,2009,64706436.0,118.1729683,78.117,21.883,100.0,11.2,100.0,369.3187,2700075882518.98
France,FRA,2010,65026211.0,118.7569714,78.369,21.631,100.0,11.9,100.0,376.5955,2646230027988.34
France,FRA,2011,65340830.0,119.3315582,78.622,21.378,100.0,10.6,100.0,363.3023,2870408553990.28
France,FRA,2012,65657659.0,119.910181,78.878,21.122,100.0,12.3,100.0,365.248,2683007095787.23
France,FRA,2013,65997932.0,120.5316195,79.135,20.865,100.0,13.4,100.0,359.7839,2816077607875.26
France,FRA,2014,66312067.0,121.1053224,79.394,20.606,100.0,13.2,100.0,326.9437,2861236112552.42
France,FRA,2015,66548272.0,121.5367021,79.655,20.345,100.0,13.3,100.0,331.9617,2442483452642.5
France,FRA,2016,66724104.0,121.857823,79.917,20.083,100.0,14.2,100.0,335.0173,2470407619777.13
France,FRA,2017,66918020.0,122.2119706,80.18,19.82,100.0,14.1,100.0,338.5848,2588868323334.71
France,FRA,2018,67158348.0,122.6508802,80.444,19.556,100.0,15.2,100.0,327.6848,2781576320884.39
France,FRA,2019,67382061.0,123.0594459,80.709,19.291,100.0,15.5,100.0,321.6696,2722793515171.76
France,FRA,2020,67601110.0,123.4594937,80.975,19.025,100.0,16.8,100.0,286.3395,2647926055110.05
Georgia,GEO,2008,3848449.0,67.33001505,54.765,45.235,100.0,36.3,60.7,5.4894,12795145130.9103
Georgia,GEO,2009,3814419.0,66.73464782,55.15,44.85,100.0,36.7,62.8,6.3333,10766920065.8251
Georgia,GEO,2010,3786695.0,66.24960635,55.535,44.465,100.0,39.1,66.0,6.1637,12426907967.1578
Georgia,GEO,2011,3756441.0,65.72030162,55.919,44.081,100.0,31.5,68.5,7.4585,15475290469.2869
Georgia,GEO,2012,3728874.0,65.23800693,56.303,43.697,100.0,28.7,71.0,8.1409,16894392033.2256
Georgia,GEO,2013,3717668.0,65.04195388,56.685,43.315,100.0,32.4,74.2,8.9598,17517660143.6859
Georgia,GEO,2014,3719414.0,65.07250079,57.067,42.933,100.0,30.7,76.8,9.6626,17966015109.3043
Georgia,GEO,2015,3725276.0,65.17505861,57.448,42.552,100.0,27.5,79.2,10.3921,15223796148.8396
Georgia,GEO,2016,3727505.0,65.21405578,57.837,42.163,100.0,27.2,81.9,10.7581,15444548901.9637
Georgia,GEO,2017,3728004.0,65.22278596,58.231,41.769,100.0,27.5,84.2,10.98,16473125375.0684
Georgia,GEO,2018,3726549.0,65.19733021,58.632,41.368,99.9,27.4,86.0,10.9142,17902544880.6471
Georgia,GEO,2019,3720161.0,65.08556982,59.039,40.961,100.0,24.7,87.8,11.7339,17638337116.9126
Georgia,GEO,2020,3722716.0,65.13027048,59.453,40.547,100.0,23.4,89.6,11.3617,16010869216.0
Germany,DEU,2008,82110097.0,235.5221782,76.575,23.425,100.0,10.2,100.0,823.5429,3808786022312.5
Germany,DEU,2009,81902307.0,234.9396374,76.771,23.229,100.0,10.7,100.0,763.9593,3479800820863.28
Germany,DEU,2010,81776930.0,234.6069082,76.966,23.034,100.0,11.6,100.0,809.1071,3468154343000.01
Germany,DEU,2011,80274983.0,230.3046333,77.16,22.84,100.0,12.5,100.0,783.1138,3824828563521.41
Germany,DEU,2012,80425823.0,230.7506255,77.17,22.83,100.0,13.6,100.0,795.7335,3597896500945.31
Germany,DEU,2013,80645605.0,231.1557126,77.18,22.82,100.0,13.6,100.0,813.1739,3808086291482.36
Germany,DEU,2014,80982500.0,232.1080539,77.19,22.81,100.0,14.0,100.0,773.2646,3965800686309.79
Germany,DEU,2015,81686611.0,234.1529869,77.2,22.8,100.0,14.6,100.0,779.7272,3423568450957.03
Germany,DEU,2016,82348669.0,235.7129294,77.224,22.776,100.0,14.2,100.0,783.995,3537784107980.55
Germany,DEU,2017,82657002.0,236.5887226,77.261,22.739,100.0,15.2,100.0,769.1068,3763092263752.95
Germany,DEU,2018,82905782.0,237.2940123,77.312,22.688,100.0,16.0,100.0,744.5547,4052008447223.53
Germany,DEU,2019,83092962.0,237.8229543,77.376,22.624,100.0,17.1,100.0,693.5111,3957208055215.68
Germany,DEU,2020,83160871.0,238.0173188,77.453,22.547,100.0,18.5,100.0,637.3954,3940142541354.1
Greece,GRC,2008,11077841.0,85.94135764,75.568,24.432,100.0,8.3,100.0,101.8191,351121399546.485
Greece,GRC,2009,11107017.0,86.16770365,75.932,24.068,100.0,9.2,100.0,96.1591,326829054686.306
Greece,GRC,2010,11121341.0,86.27882855,76.292,23.708,100.0,11.4,100.0,89.051,296417644404.034
Greece,GRC,2011,11104899.0,86.1512723,76.649,23.351,100.0,11.4,100.0,86.0982,283228079776.041
Greece,GRC,2012,11045011.0,85.68666408,77.004,22.996,100.0,14.2,100.0,81.5011,238841140018.233
Greece,GRC,2013,10965211.0,85.06757952,77.355,22.645,100.0,16.6,100.0,73.8659,236556279640.705
Greece,GRC,2014,10892413.0,84.50281614,77.702,22.298,100.0,16.4,100.0,71.0042,233911581521.062
Greece,GRC,2015,10820883.0,83.94788984,78.046,21.954,100.0,17.5,100.0,69.4285,194567373678.099
Greece,GRC,2016,10775971.0,83.5994647,78.387,21.613,100.0,16.4,100.0,68.1342,193097239005.87
Greece,GRC,2017,10754679.0,83.43428239,78.724,21.276,100.0,16.4,100.0,68.3568,200381103984.298
Greece,GRC,2018,10732882.0,83.26518231,79.058,20.942,100.0,17.9,100.0,66.5082,213298873494.394
Greece,GRC,2019,10721582.0,83.17751746,79.388,20.612,100.0,18.5,100.0,61.4455,207305649887.019
Greece,GRC,2020,10698599.0,82.99921645,79.715,20.285,100.0,20.1,100.0,52.3082,191362985554.861
Honduras,HND,2008,8012587.0,71.61128787,50.566,49.434,76.4,50.0,40.75,8.6651,13881731875.7466
Honduras,HND,2009,8189899.0,73.19598713,51.225,48.775,78.3,50.5,42.1,8.1654,14587496229.1811
Honduras,HND,2010,8365878.0,74.7687729,51.885,48.115,81.0,53.6,42.4,7.9773,15839344591.9842
Honduras,HND,2011,8540583.0,76.33017249,52.543,47.457,82.2,50.9,43.4,9.4831,17710275685.4074
Honduras,HND,2012,8715076.0,77.88967736,53.202,46.798,83.6,49.3,44.1,9.9221,18528554397.5695
Honduras,HND,2013,8889278.0,79.44658146,53.858,46.142,87.2,51.1,44.5,9.7066,18499729214.904
Honduras,HND,2014,9063122.0,81.000286,54.514,45.486,88.7,52.2,45.0,9.9258,19756533971.8698
Honduras,HND,2015,9237305.0,82.55702029,55.165,44.835,90.0,50.8,45.9,10.5272,20979791685.416
Honduras,HND,2016,9412380.0,84.1217267,55.813,44.187,91.6,52.7,46.5,10.3656,21717604952.1835
Honduras,HND,2017,9588137.0,85.69252838,56.457,43.543,86.5,45.6,46.9,9.3382,23136247990.5977
Honduras,HND,2018,9765210.0,87.27509161,57.096,42.904,91.6,48.9,47.6,8.9964,24067750760.499
Honduras,HND,2019,9943633.0,88.86972026,57.73,42.27,91.1,46.2,48.1,10.1608,24882225741.8119
Honduras,HND,2020,10119640.0,90.44275628,58.359,41.641,93.1,50.2,48.9,8.8253,23352232483.755
Hungary,HUN,2008,10038188.0,112.0208459,67.943,32.057,100.0,9.0,100.0,57.3322,158325614580.628
Hungary,HUN,2009,10022650.0,110.7108141,68.46,31.54,100.0,12.3,100.0,51.2309,131069255620.567
Hungary,HUN,2010,10000023.0,110.4608748,68.911,31.089,100.0,13.5,100.0,51.8402,132175349953.713
Hungary,HUN,2011,9971727.0,110.1483155,69.358,30.642,100.0,14.7,100.0,50.9661,141942264554.475
Hungary,HUN,2012,9920362.0,109.5809345,69.678,30.322,100.0,16.5,100.0,47.2884,128814279315.132
Hungary,HUN,2013,9893082.0,109.2795979,69.953,30.047,100.0,17.2,100.0,44.5476,135684315697.713
Hungary,HUN,2014,9866468.0,108.1138286,70.227,29.773,100.0,15.7,100.0,44.6648,141033843265.669
Hungary,HUN,2015,9843028.0,107.8569801,70.5,29.5,100.0,15.6,100.0,47.3196,125174166987.372
Hungary,HUN,2016,9814023.0,107.5391519,70.779,29.221,100.0,15.3,100.0,48.1433,128609822750.039
Hungary,HUN,2017,9787966.0,107.253627,71.062,28.938,100.0,14.6,100.0,53.8695,143112196040.326
Hungary,HUN,2018,9775564.0,107.1177296,71.351,28.649,100.0,13.6,100.0,53.6536,160565642983.587
Hungary,HUN,2019,9771141.0,107.0692636,71.644,28.356,100.0,13.6,100.0,52.0727,164020460331.659
Hungary,HUN,2020,9750149.0,106.8392395,71.942,28.058,100.0,14.8,100.0,49.6279,157288955508.176
Ireland,IRL,2008,4489544.0,65.16974888,61.141,38.859,100.0,4.2,100.0,46.0709,275447471451.063
Ireland,IRL,2009,4535375.0,65.83502685,61.342,38.658,100.0,5.3,100.0,40.9621,236443117248.477
Ireland,IRL,2010,4560155.0,66.19473073,61.542,38.458,100.0,5.3,100.0,40.7146,221986000000.0
Ireland,IRL,2011,4580084.0,66.484018,61.742,38.258,100.0,7.0,100.0,36.9397,241337364609.738
Ireland,IRL,2012,4599533.0,66.76633764,61.942,38.058,100.0,6.9,100.0,37.4219,227270922957.327
Ireland,IRL,2013,4623816.0,67.11882712,62.141,37.859,100.0,7.7,100.0,36.1502,243301556084.989
Ireland,IRL,2014,4657740.0,67.61126433,62.34,37.66,100.0,8.8,100.0,35.9674,266787238499.03
Ireland,IRL,2015,4701957.0,68.25311366,62.538,37.462,100.0,9.5,100.0,37.4781,302391428540.035
Ireland,IRL,2016,4755335.0,69.0279431,62.737,37.263,100.0,8.6,100.0,39.3894,305733136180.907
Ireland,IRL,2017,4807388.0,69.78353898,62.947,37.053,100.0,10.1,100.0,38.1792,348532394023.595
Ireland,IRL,2018,4867316.0,70.65344753,63.17,36.83,100.0,10.8,100.0,37.8977,395461216460.418
Ireland,IRL,2019,4934340.0,71.62636087,63.405,36.595,100.0,12.3,100.0,36.2568,407124824064.995
Ireland,IRL,2020,4985382.0,72.36728117,63.653,36.347,100.0,13.7,100.0,34.1987,436555518400.451
Israel,ISR,2008,7308800.0,337.7449168,91.702,8.298,100.0,8.9,100.0,67.8895,220552442865.106
Israel,ISR,2009,7485600.0,345.9149723,91.763,8.237,100.0,8.5,100.0,67.1192,212453641380.363
Israel,ISR,2010,7623600.0,352.2920518,91.826,8.174,100.0,8.6,100.0,72.0337,238912622309.59
Israel,ISR,2011,7765800.0,358.8632163,91.892,8.108,100.0,9.1,100.0,71.2182,267406179630.431
Israel,ISR,2012,7910500.0,365.5499076,91.96,8.04,100.0,2.9,100.0,77.6618,262917911696.944
Israel,ISR,2013,8059500.0,372.435305,92.031,7.969,100.0,3.3,100.0,68.3562,297634145181.876
Israel,ISR,2014,8215700.0,379.6534196,92.104,7.896,100.0,3.7,100.0,66.0166,314090281098.682
Israel,ISR,2015,8380100.0,387.2504621,92.179,7.821,100.0,3.7,100.0,68.0736,302722655203.465
Israel,ISR,2016,8546000.0,394.9168207,92.256,7.744,100.0,4.0,100.0,67.6626,320958936788.842
Israel,ISR,2017,8713300.0,402.6478743,92.336,7.664,100.0,3.9,100.0,67.9277,357227098125.658
Israel,ISR,2018,8882800.0,410.4805915,92.418,7.582,100.0,3.8,100.0,63.5495,375149611117.199
Israel,ISR,2019,9054000.0,418.3918669,92.501,7.499,100.0,4.5,100.0,64.7752,399651065197.871
Israel,ISR,2020,9215100.0,425.836414,92.587,7.413,100.0,5.6,100.0,60.1979,411728563086.632
Italy,ITA,2008,58826731.0,198.9284758,68.092,31.908,100.0,10.8,100.0,464.7125,2417508414187.19
Italy,ITA,2009,59095365.0,199.8368885,68.209,31.791,100.0,12.5,100.0,413.4588,2209484319012.65
Italy,ITA,2010,59277417.0,200.4525156,68.327,31.673,100.0,12.8,100.0,423.0356,2144936254535.0
Italy,ITA,2011,59379449.0,200.797547,68.444,31.556,100.0,11.9,100.0,414.2935,2306974020278.21
Italy,ITA,2012,59539717.0,201.3395093,68.684,31.316,100.0,14.4,100.0,394.019,2097929495121.68
Italy,ITA,2013,60233948.0,203.6871208,68.979,31.021,100.0,16.3,100.0,361.3839,2153225581941.46
Italy,ITA,2014,60789140.0,205.5645581,69.272,30.728,100.0,17.1,100.0,342.9496,2173255507985.84
Italy,ITA,2015,60730582.0,205.3665384,69.565,30.435,100.0,16.6,100.0,353.6594,1845428048839.1
Italy,ITA,2016,60627498.0,205.0179495,69.855,30.145,100.0,16.1,100.0,348.9828,1887111188176.93
Italy,ITA,2017,60536709.0,204.7109374,70.144,29.856,100.0,16.4,100.0,345.3645,1970720904584.71
Italy,ITA,2018,60421760.0,204.3222259,70.438,29.562,100.0,17.1,100.0,340.336,2099435266458.67
Italy,ITA,2019,59729081.0,201.9805456,70.736,29.264,100.0,17.3,100.0,331.7847,2019606796583.53
Italy,ITA,2020,59438851.0,200.9991005,71.039,28.961,100.0,18.7,100.0,295.1252,1907481094079.23
Japan,JPN,2008,128063000.0,351.3388203,89.103,10.897,100.0,4.4,100.0,1224.1373,5106679115127.3
Japan,JPN,2009,128047000.0,351.2949246,89.989,10.011,100.0,4.5,100.0,1160.5822,5289493117993.89
Japan,JPN,2010,128070000.0,351.3580247,90.812,9.188,100.0,4.7,100.0,1220.1217,5759071769013.11
Japan,JPN,2011,127833000.0,350.7078189,91.069,8.931,100.0,4.8,100.0,1272.5496,6233147172341.35
Japan,JPN,2012,127629000.0,350.1481481,91.148,8.852,100.0,4.7,100.0,1310.7079,6272362996105.03
Japan,JPN,2013,127445000.0,349.6433471,91.226,8.774,100.0,5.0,100.0,1325.6359,5212328181166.18
Japan,JPN,2014,127276000.0,349.1796982,91.304,8.696,100.0,5.6,100.0,1275.3314,4896994405353.29
Japan,JPN,2015,127141000.0,348.8093278,91.381,8.619,100.0,6.2,100.0,1234.7191,4444930651964.18
Japan,JPN,2016,127076000.0,348.6310014,91.457,8.543,100.0,6.4,100.0,1221.3967,5003677627544.24
Japan,JPN,2017,126972000.0,348.345679,91.535,8.465,100.0,6.9,100.0,1205.9214,4930837369151.42
Japan,JPN,2018,126811000.0,347.9039781,91.616,8.384,100.0,7.3,100.0,1166.6375,5040880939324.86
Japan,JPN,2019,126633000.0,347.4156379,91.698,8.302,100.0,7.8,100.0,1127.7446,5117993853016.51
Japan,JPN,2020,126261000.0,346.3950617,91.782,8.218,100.0,8.5,100.0,1062.869,5055587093501.59
Kyrgyz Republic,KGZ,2008,5318729.0,27.73059958,35.285,64.715,99.5,22.0,68.2,7.6036,5139958909.17936
Kyrgyz Republic,KGZ,2009,5389643.0,28.10032847,35.284,64.716,99.5,24.7,70.1,6.8986,4690061380.60253
Kyrgyz Republic,KGZ,2010,5467059.0,28.50395725,35.306,64.694,99.0,25.6,71.5,6.4851,4794361863.01353
Kyrgyz Republic,KGZ,2011,5546586.5,28.91859489,35.352,64.648,98.3,26.0,72.8,7.8085,6197765984.28468
Kyrgyz Republic,KGZ,2012,5652076.0,29.46859228,35.423,64.577,99.8,22.4,74.2,10.2332,6605142884.36215
Kyrgyz Republic,KGZ,2013,5777150.0,30.12069864,35.517,64.483,98.9,24.8,75.1,9.5841,7335033800.59056
Kyrgyz Republic,KGZ,2014,5905847.5,30.79169708,35.635,64.365,99.8,26.6,76.0,9.8589,7468102412.68237
Kyrgyz Republic,KGZ,2015,6040035.5,31.49132169,35.777,64.223,98.7,23.5,76.6,10.2587,6678177511.66313
Kyrgyz Republic,KGZ,2016,6175337.5,32.19675443,35.944,64.056,99.7,22.2,76.9,9.7179,6813095379.1187
Kyrgyz Republic,KGZ,2017,6306695.5,32.88162409,36.135,63.865,100.0,24.7,77.2,9.5944,7702938379.42036
Kyrgyz Republic,KGZ,2018,6444078.5,33.59790667,36.351,63.649,100.0,23.4,77.3,11.4059,8271106235.41552
Kyrgyz Republic,KGZ,2019,6590211.0,34.35980709,36.591,63.409,99.9,28.3,77.3,10.1614,9371275264.36735
Kyrgyz Republic,KGZ,2020,6726595.5,35.07088373,36.856,63.144,99.9,30.0,77.1,9.1595,8270468614.24051
Latvia,LVA,2008,2177322.0,34.98998827,67.834,32.166,99.7,33.7,100.0,8.4559,34135200994.0067
Latvia,LVA,2009,2141669.0,34.41703762,67.814,32.186,100.0,38.4,100.0,7.7149,25691530442.035
Latvia,LVA,2010,2097555.0,33.70811706,67.841,32.159,99.8,33.1,100.0,8.864,23468324572.3343
Latvia,LVA,2011,2059709.0,33.09992447,67.869,32.131,99.8,35.5,100.0,8.204,26575547900.8247
Latvia,LVA,2012,2034319.0,32.69190223,67.897,32.103,100.0,40.4,100.0,7.9978,27116149948.6683
Latvia,LVA,2013,2012647.0,32.34362897,67.925,32.075,100.0,39.6,100.0,7.763,29152128167.8438
Latvia,LVA,2014,1993782.0,32.04046475,67.952,32.048,100.0,40.2,100.0,7.5388,30277203767.4058
Latvia,LVA,2015,1977527.0,31.77924374,67.98,32.02,100.0,38.1,100.0,7.6272,26344565876.8902
Latvia,LVA,2016,1959537.0,31.49014094,68.021,31.979,100.0,38.5,100.0,7.4529,27117105059.5075
Latvia,LVA,2017,1942248.0,31.21230334,68.075,31.925,100.0,42.6,100.0,7.4036,29391059767.4259
Latvia,LVA,2018,1927174.0,30.97006123,68.142,31.858,100.0,41.0,100.0,8.0762,33247935477.3576
Latvia,LVA,2019,1913822.0,30.75549199,68.222,31.778,100.0,41.5,100.0,7.871,33099503950.847
Latvia,LVA,2020,1900449.0,30.53911297,68.315,31.685,100.0,43.8,100.0,7.2521,33379927434.6149
Lithuania,LTU,2008,3198231.0,51.02881532,66.848,33.152,99.4,18.3,100.0,15.8161,47831254207.5223
Lithuania,LTU,2009,3162916.0,50.46535301,66.842,33.158,99.5,20.1,100.0,13.195,37494380038.9213
Lithuania,LTU,2010,3097282.0,49.4181412,66.757,33.243,99.7,21.5,100.0,14.0266,36638128534.0643
Lithuania,LTU,2011,3028115.0,48.31533012,66.741,33.259,99.7,22.7,100.0,14.3115,43186501862.7907
Lithuania,LTU,2012,2987773.0,47.67165013,66.864,33.136,100.0,23.9,100.0,14.4789,42709372066.8627
Lithuania,LTU,2013,2957689.0,47.19088951,66.986,33.014,100.0,26.3,100.0,13.3554,46303660422.0434
Lithuania,LTU,2014,2932367.0,46.80553871,67.108,32.892,100.0,27.7,100.0,13.2056,48306546656.9281
Lithuania,LTU,2015,2904910.0,46.36727853,67.23,32.77,100.0,29.0,100.0,13.6544,41540954817.2039
Lithuania,LTU,2016,2868231.0,45.78766642,67.366,32.634,100.0,31.5,100.0,13.5165,42970749245.0336
Lithuania,LTU,2017,2828403.0,45.15258377,67.516,32.484,100.0,33.8,100.0,13.9576,47756764508.446
Lithuania,LTU,2018,2801543.0,44.73164618,67.679,32.321,100.0,33.7,100.0,14.0131,54261795148.5372
Lithuania,LTU,2019,2794137.0,44.6205206,67.855,32.145,100.0,33.5,100.0,14.2898,55122066225.796
Lithuania,LTU,2020,2794885.0,44.63246567,68.046,31.954,100.0,31.7,100.0,14.2477,57412038533.2718
Netherlands,NLD,2008,16445593.0,487.1324941,85.402,14.598,100.0,3.9,100.0,178.9336,957901566041.406
Netherlands,NLD,2009,16530388.0,490.0796917,86.288,13.712,100.0,4.4,100.0,173.665,878954223140.234
Netherlands,NLD,2010,16615394.0,492.5998814,87.134,12.866,100.0,3.9,100.0,185.1021,852464982433.335
Netherlands,NLD,2011,16693074.0,495.0496441,87.879,12.121,100.0,4.7,100.0,173.0457,913140741332.687
Netherlands,NLD,2012,16754962.0,496.8849941,88.588,11.412,100.0,4.9,100.0,170.4764,845689017065.625
Netherlands,NLD,2013,16804432.0,498.7958445,89.187,10.813,100.0,5.0,100.0,169.2603,883951539006.669
Netherlands,NLD,2014,16865008.0,500.5938854,89.69,10.31,100.0,5.6,100.0,161.8681,901556501756.467
Netherlands,NLD,2015,16939923.0,503.1162162,90.173,9.827,100.0,5.8,100.0,169.81,775743675302.734
Netherlands,NLD,2016,17030314.0,505.8008316,90.635,9.365,100.0,5.6,100.0,171.23,797163949289.885
Netherlands,NLD,2017,17131296.0,508.8,91.077,8.923,100.0,6.4,100.0,168.5452,848233537845.884
Netherlands,NLD,2018,17231624.0,511.7797446,91.49,8.51,100.0,7.4,100.0,163.2334,929733599796.862
Netherlands,NLD,2019,17344874.0,515.1432729,91.876,8.124,100.0,8.6,100.0,157.844,928903005576.469
Netherlands,NLD,2020,17441500.0,518.013068,92.236,7.764,100.0,10.7,100.0,142.2705,932560861701.17
North Macedonia,MKD,2008,1971493.0,78.14082442,57.175,42.825,99.2,15.6,65.45,10.1404,9909552434.51136
North Macedonia,MKD,2009,1958782.0,77.66780333,57.117,42.883,99.2,18.4,66.75,9.1198,9401736825.42688
North Macedonia,MKD,2010,1946298.0,77.17279937,57.089,42.911,99.5,22.3,68.1,9.1733,9407170321.37752
North Macedonia,MKD,2011,1937398.0,76.81990484,57.092,42.908,99.7,18.6,69.2,10.2423,10494626767.6445
North Macedonia,MKD,2012,1929821.0,76.51946868,57.125,42.875,99.6,18.3,70.3,9.6186,9745261300.57788
North Macedonia,MKD,2013,1922716.0,76.23774782,57.189,42.811,99.7,21.2,71.5,8.7945,10817702346.0674
North Macedonia,MKD,2014,1917557.0,76.03318795,57.284,42.716,99.8,21.2,72.6,8.3502,11362265252.778
North Macedonia,MKD,2015,1912430.0,75.82989691,57.408,42.592,99.9,23.9,73.5,7.9369,10064519962.5655
North Macedonia,MKD,2016,1906313.0,75.58735131,57.563,42.437,100.0,21.4,75.1,7.6236,10672467073.2873
North Macedonia,MKD,2017,1898657.0,75.28378271,57.748,42.252,100.0,19.0,75.7,7.9861,11307067069.6658
North Macedonia,MKD,2018,1889051.0,74.90289453,57.963,42.037,99.8,20.9,76.8,7.5528,12683068114.2388
North Macedonia,MKD,2019,1876262.0,74.39579699,58.208,41.792,100.0,17.0,78.2,8.6815,12606338448.547
North Macedonia,MKD,2020,1856124.0,73.59730373,58.482,41.518,100.0,20.0,79.6,7.5919,12361036913.8409
Norway,NOR,2008,4768212.0,13.05486743,78.526,21.474,100.0,58.5,100.0,45.4758,464917553191.489
Norway,NOR,2009,4828726.0,13.22054846,78.815,21.185,100.0,56.7,100.0,44.0298,387976400617.019
Norway,NOR,2010,4889252.0,13.38626233,79.102,20.898,100.0,56.0,100.0,47.1631,431052143940.438
Norway,NOR,2011,4953088.0,13.56103865,79.455,20.545,100.0,56.0,100.0,46.1207,501360549669.404
Norway,NOR,2012,5018573.0,13.74032975,79.874,20.126,100.0,56.9,100.0,45.6491,512777309840.997
Norway,NOR,2013,5079623.0,13.91208868,80.286,19.714,100.0,56.6,100.0,46.232,526014468085.106
Norway,NOR,2014,5137232.0,14.07044491,80.692,19.308,100.0,55.8,100.0,46.3844,501736471832.848
Norway,NOR,2015,5188607.0,14.20793848,81.091,18.909,100.0,56.5,100.0,47.225,388159512245.53
Norway,NOR,2016,5234519.0,14.33542438,81.485,18.515,100.0,57.7,100.0,46.3279,370956547619.048
Norway,NOR,2017,5276968.0,14.45257626,81.871,18.129,100.0,58.9,100.0,46.3477,401745275035.261
Norway,NOR,2018,5311916.0,14.54888964,82.248,17.752,100.0,58.9,100.0,45.7485,439789000000.0
Norway,NOR,2019,5347896.0,14.6479975,82.616,17.384,100.0,59.8,100.0,44.6071,408742840909.091
Norway,NOR,2020,5379475.0,14.76721523,82.974,17.026,100.0,60.9,100.0,43.3609,367633418886.627
Paraguay,PRY,2008,5613574.0,14.12930783,58.612,41.388,96.7,65.8,53.1,4.5471,24615267663.5456
Paraguay,PRY,2009,5671236.0,14.27444249,58.937,41.063,96.9,65.4,55.0,4.6908,22355151161.994
Paraguay,PRY,2010,5737971.0,14.44241379,59.261,40.739,97.4,63.6,56.9,5.2207,27260886405.2263
Paraguay,PRY,2011,5814626.0,14.63535364,59.584,40.416,98.2,62.5,59.3,5.4265,33756238767.0
Paraguay,PRY,2012,5897008.0,14.84270828,59.907,40.093,97.8,63.4,61.1,5.3865,33271921136.315
Paraguay,PRY,2013,5982445.0,15.05775233,60.197,39.803,99.0,62.5,62.8,5.6275,38501122141.4241
Paraguay,PRY,2014,6069811.0,15.27765165,60.474,39.526,99.0,62.5,64.4,5.9781,40377929295.6419
Paraguay,PRY,2015,6159103.0,15.50239869,60.75,39.25,99.3,60.5,65.5,6.7133,36211447840.0971
Paraguay,PRY,2016,6249126.0,15.72898565,61.026,38.974,98.4,62.5,66.4,7.5879,36089700222.9461
Paraguay,PRY,2017,6338660.0,15.95434181,61.3,38.7,99.3,60.1,67.2,8.4471,38997129473.5558
Paraguay,PRY,2018,6427382.0,16.17765417,61.585,38.415,99.6,59.2,67.7,8.7196,40225448340.6322
Paraguay,PRY,2019,6515058.0,16.39833375,61.879,38.121,99.7,60.1,68.1,8.4965,37925338329.1494
Paraguay,PRY,2020,6603739.0,16.62154291,62.183,37.817,99.7,61.5,68.3,7.9575,35432178068.1814
Peru,PER,2008,28719041.0,22.43675078,76.052,23.948,84.7,33.7,61.9,38.9829,120550599815.441
Peru,PER,2009,28896811.0,22.57563359,76.241,23.759,86.4,32.9,63.9,41.9637,120822986521.479
Peru,PER,2010,29086019.0,22.72345234,76.43,23.57,88.1,32.2,65.7,45.8354,147527631520.729
Peru,PER,2011,29304086.0,22.89381719,76.617,23.383,89.7,30.6,67.8,49.1665,171761737046.585
Peru,PER,2012,29550366.0,23.08622344,76.804,23.196,91.1,30.8,69.8,49.1075,192650021648.583
Peru,PER,2013,29817919.0,23.29524922,76.989,23.011,92.1,28.4,71.7,50.1197,201175543571.392
Peru,PER,2014,30115826.0,23.52798906,77.173,22.827,92.9,28.6,73.7,53.1694,200786250582.943
Peru,PER,2015,30457600.0,23.795,77.357,22.643,93.9,27.4,75.5,54.7017,189802976285.619
Peru,PER,2016,30866494.0,24.11444844,77.539,22.461,94.2,27.2,77.6,57.4518,191898104390.379
Peru,PER,2017,31324637.0,24.47237266,77.72,22.28,94.8,27.6,79.5,55.1327,211007984080.911
Peru,PER,2018,31897584.0,24.9199875,77.907,22.093,95.2,27.9,81.4,55.2877,222597009739.235
Peru,PER,2019,32449303.0,25.35101797,78.099,21.901,95.6,27.1,83.3,58.1542,228346006003.648
Peru,PER,2020,32838579.0,25.65513984,78.297,21.703,96.2,31.6,84.8,47.5498,201409694755.934
Poland,POL,2008,38125759.0,124.4719523,61.116,38.884,99.8,8.0,100.0,324.7491,535612030671.888
Poland,POL,2009,38151603.0,124.5644606,61.004,38.996,100.0,8.8,100.0,311.3923,440891472247.096
Poland,POL,2010,38042794.0,124.2092007,60.892,39.108,100.0,9.5,100.0,329.2826,478111630683.514
Poland,POL,2011,38063255.0,124.2962969,60.78,39.22,100.0,10.4,100.0,327.0922,527848543023.469
Poland,POL,2012,38063164.0,124.3000588,60.654,39.346,100.0,10.9,100.0,319.8054,498148649702.66
Poland,POL,2013,38040196.0,124.2291107,60.529,39.471,100.0,11.4,100.0,315.4796,518179836405.36
Poland,POL,2014,38011735.0,124.1442732,60.403,39.597,100.0,11.6,100.0,302.9716,542134167178.627
Poland,POL,2015,37986412.0,124.0615696,60.278,39.722,100.0,11.9,100.0,306.1332,480054118583.367
Poland,POL,2016,37970087.0,124.008253,60.178,39.822,100.0,11.3,100.0,317.1916,473259583969.643
Poland,POL,2017,37974826.0,124.0237304,60.105,39.895,100.0,11.1,100.0,330.7494,528356676667.211
Poland,POL,2018,37974750.0,124.0315838,60.058,39.942,100.0,15.1,100.0,330.0904,594616687350.017
Poland,POL,2019,37965475.0,124.0255954,60.037,39.963,100.0,15.6,100.0,312.3389,602683770144.88
Poland,POL,2020,37899070.0,123.8005749,60.043,39.957,100.0,16.1,100.0,296.3334,605914237903.742
Portugal,PRT,2008,10558177.0,115.4277577,59.359,40.641,100.0,23.2,100.0,59.153,263416394624.084
Portugal,PRT,2009,10568247.0,115.3864723,59.964,40.036,100.0,24.9,100.0,58.3974,244667762835.543
Portugal,PRT,2010,10573100.0,115.4394585,60.567,39.433,100.0,27.8,100.0,53.1664,238443864993.217
Portugal,PRT,2011,10557560.0,115.2697893,61.167,38.833,100.0,27.2,100.0,51.3708,245426767676.002
Portugal,PRT,2012,10514844.0,114.8034065,61.763,38.237,100.0,25.5,100.0,49.7211,216536676771.973
Portugal,PRT,2013,10457295.0,114.1561287,62.352,37.648,100.0,30.2,100.0,48.1165,226677408291.745
Portugal,PRT,2014,10401062.0,113.5417704,62.936,37.064,100.0,30.5,100.0,47.6466,230078616299.675
Portugal,PRT,2015,10358076.0,113.0725196,63.514,36.486,100.0,27.2,100.0,51.674,199038523119.639
Portugal,PRT,2016,10325452.0,112.7163842,64.086,35.914,100.0,29.0,100.0,50.5005,206305431241.638
Portugal,PRT,2017,10300300.0,112.4418158,64.652,35.348,100.0,24.4,100.0,55.117,220862990767.229
Portugal,PRT,2018,10283822.0,112.261936,65.211,34.789,100.0,27.5,100.0,51.0801,242092894542.888
Portugal,PRT,2019,10286263.0,112.2885828,65.764,34.236,100.0,28.2,100.0,46.4038,240115970063.019
Portugal,PRT,2020,10297081.0,112.406676,66.31,33.69,100.0,31.3,100.0,40.8004,229618773422.577
Romania,ROU,2008,20537875.0,89.33394954,53.567,46.433,96.5,20.4,100.0,103.8612,214315932061.275
Romania,ROU,2009,20367487.0,88.53119621,53.698,46.302,96.8,22.1,100.0,84.8545,174110532658.867
Romania,ROU,2010,20246871.0,88.01074114,53.829,46.171,97.1,24.1,100.0,82.3001,170064350671.827
Romania,ROU,2011,20147528.0,87.53324934,53.96,46.04,97.4,21.1,100.0,88.8281,192623977894.173
Romania,ROU,2012,20058035.0,87.20126511,53.974,46.026,97.8,21.5,100.0,86.7375,179117323107.087
Romania,ROU,2013,19983693.0,86.87429031,53.937,46.063,98.1,23.1,100.0,79.0999,189798603751.235
Romania,ROU,2014,19908979.0,86.53068063,53.9,46.1,98.4,24.3,100.0,78.693,199722319675.741
Romania,ROU,2015,19815616.0,86.12489569,53.887,46.113,98.8,23.7,100.0,79.9271,177885131240.315
Romania,ROU,2016,19702267.0,85.63224531,53.9,46.1,99.1,24.4,100.0,78.2478,185290759248.844
Romania,ROU,2017,19588715.0,85.13871262,53.936,46.064,100.0,23.4,100.0,81.2563,210147385855.419
Romania,ROU,2018,19473970.0,84.63999478,53.998,46.002,99.8,23.0,100.0,82.3672,243468683030.34
Romania,ROU,2019,19371648.0,84.19527121,54.084,45.916,100.0,23.5,100.0,80.5788,251677082534.495
Romania,ROU,2020,19265250.0,83.73283206,54.194,45.806,100.0,24.1,100.0,75.4253,252033792712.145
Slovenia,SVN,2008,2021316.0,100.3323704,52.209,47.791,100.0,17.6,100.0,18.8881,55509332322.3578
Slovenia,SVN,2009,2039669.0,101.2453712,52.433,47.567,100.0,19.6,100.0,16.8902,49975540954.8465
Slovenia,SVN,2010,2048583.0,101.6858266,52.658,47.342,100.0,20.1,100.0,17.1627,47793117240.9001
Slovenia,SVN,2011,2052843.0,101.8982925,52.883,47.117,100.0,19.1,100.0,16.0823,51199194599.3094
Slovenia,SVN,2012,2057159.0,102.1140492,53.108,46.892,100.0,20.2,100.0,15.5193,46167053954.3367
Slovenia,SVN,2013,2059953.0,102.2816783,53.332,46.668,100.0,22.5,100.0,15.5139,47867056858.8892
Slovenia,SVN,2014,2061980.0,102.3823237,53.557,46.443,100.0,22.9,100.0,14.1302,49514466379.6057
Slovenia,SVN,2015,2063531.0,102.4461092,53.781,46.219,100.0,21.4,100.0,14.2991,42709468274.8137
Slovenia,SVN,2016,2065042.0,102.5241783,54.02,45.98,100.0,21.0,100.0,15.0252,44290685824.0682
Slovenia,SVN,2017,2066388.0,102.6108719,54.273,45.727,100.0,19.7,100.0,15.3483,48153200134.6613
Slovenia,SVN,2018,2073894.0,102.9922926,54.541,45.459,100.0,20.6,100.0,15.3301,53689067639.9176
Slovenia,SVN,2019,2088385.0,103.7119346,54.822,45.178,100.0,20.9,100.0,14.8845,53909922735.545
Slovenia,SVN,2020,2102419.0,104.4088814,55.118,44.882,100.0,22.7,100.0,13.5479,53384760135.1581
Spain,ESP,2008,45954106.0,92.12932237,77.976,22.024,100.0,9.7,100.0,342.716,1636115447612.5
Spain,ESP,2009,46362946.0,92.97506517,78.21,21.79,100.0,12.2,100.0,303.4514,1496587590847.66
Spain,ESP,2010,46576897.0,93.15193096,78.442,21.558,100.0,14.4,100.0,290.5488,1427989078916.67
Spain,ESP,2011,46742697.0,93.50783588,78.673,21.327,100.0,14.7,100.0,292.657,1487568659241.25
Spain,ESP,2012,46773055.0,93.50683713,78.902,21.098,100.0,15.8,100.0,286.6176,1330994811670.31
Spain,ESP,2013,46620045.0,93.2009456,79.133,20.867,100.0,16.9,100.0,259.9319,1362186923157.65
Spain,ESP,2014,46480882.0,92.92273645,79.366,20.634,100.0,17.3,100.0,257.3207,1380244561361.96
Spain,ESP,2015,46444832.0,92.95268592,79.602,20.398,100.0,16.3,100.0,273.2968,1206164777553.12
Spain,ESP,2016,46484062.0,93.04926296,79.84,20.16,100.0,16.7,100.0,264.5244,1243015667917.12
Spain,ESP,2017,46593236.0,93.27091015,80.08,19.92,100.0,15.2,100.0,281.0535,1321754088818.83
Spain,ESP,2018,46797754.0,93.66979208,80.321,19.679,100.0,16.9,100.0,274.3705,1431642809327.06
Spain,ESP,2019,47134837.0,94.3508089,80.565,19.435,100.0,16.7,100.0,257.113,1403496387686.27
Spain,ESP,2020,47365655.0,94.81538375,80.81,19.19,100.0,19.3,100.0,216.9768,1289783836971.21
Sweden,SWE,2008,9219637.0,22.63377962,84.746,15.254,100.0,43.2,100.0,52.1376,514616528348.834
Sweden,SWE,2009,9298515.0,22.82742144,84.902,15.098,100.0,45.7,100.0,47.5792,434313804907.366
Sweden,SWE,2010,9378126.0,23.02286274,85.056,14.944,100.0,44.7,100.0,53.5567,492753255885.718
Sweden,SWE,2011,9449213.0,23.19737801,85.297,14.703,100.0,45.4,100.0,49.2663,570541353128.724
Sweden,SWE,2012,9519374.0,23.36962,85.62,14.38,100.0,48.3,100.0,46.874,549742183874.355
Sweden,SWE,2013,9600379.0,23.5684835,85.936,14.064,100.0,47.3,100.0,45.1071,584128116410.29
Sweden,SWE,2014,9696110.0,23.80349865,86.247,13.753,100.0,48.6,100.0,43.786,577730245154.162
Sweden,SWE,2015,9799186.0,24.05826177,86.553,13.447,100.0,51.9,100.0,44.1553,501698263620.663
Sweden,SWE,2016,9923085.0,24.36244975,86.852,13.148,100.0,50.9,100.0,43.6925,514218206628.325
Sweden,SWE,2017,10057698.0,24.69294198,87.146,12.854,100.0,51.8,100.0,43.3125,536083940228.684
Sweden,SWE,2018,10175214.0,24.98145887,87.431,12.569,100.0,51.6,100.0,40.9315,551312498430.164
Sweden,SWE,2019,10278887.0,25.23788794,87.708,12.292,100.0,52.9,100.0,40.2031,532169294165.94
Sweden,SWE,2020,10353442.0,25.42094382,87.977,12.023,100.0,57.8,100.0,39.0794,545147614972.141
Switzerland,CHE,2008,7647675.0,193.5413607,73.556,26.444,100.0,19.6,100.0,45.9985,567267767519.158
Switzerland,CHE,2009,7743831.0,195.9777672,73.581,26.419,100.0,20.0,100.0,44.6352,554212916092.271
Switzerland,CHE,2010,7824909.0,198.0326587,73.607,26.393,100.0,20.6,100.0,46.3149,598851028906.58
Switzerland,CHE,2011,7912398.0,200.2498644,73.631,26.369,100.0,20.6,100.0,42.2793,715888126682.396
Switzerland,CHE,2012,7996861.0,202.390548,73.653,26.347,100.0,21.9,100.0,43.5915,686420221557.99
Switzerland,CHE,2013,8089346.0,204.7343366,73.674,26.326,100.0,21.8,100.0,44.601,706234937370.968
Switzerland,CHE,2014,8188649.0,207.2507514,73.696,26.304,100.0,22.2,100.0,40.8946,726538000000.0
Switzerland,CHE,2015,8282396.0,209.6266208,73.718,26.282,100.0,23.9,100.0,40.2179,694118186379.628
Switzerland,CHE,2016,8373338.0,211.9315721,73.739,26.261,100.0,24.1,100.0,40.7745,687895460902.713
Switzerland,CHE,2017,8451840.0,213.9184801,73.761,26.239,100.0,25.0,100.0,39.7921,695200833086.499
Switzerland,CHE,2018,8514329.0,215.5000945,73.797,26.203,100.0,24.2,100.0,38.4872,725568717468.001
Switzerland,CHE,2019,8575280.0,217.0427817,73.849,26.151,100.0,24.8,100.0,38.3837,721369112726.724
Switzerland,CHE,2020,8638167.0,218.6344696,73.915,26.085,100.0,26.4,100.0,35.8595,741999406005.627
Thailand,THA,2008,67619830.0,132.3569261,41.242,58.758,94.8,22.6,70.5,238.3048,291382982430.951
Thailand,THA,2009,68121080.0,133.3380571,42.543,57.457,99.0,22.8,71.55,231.4285,281710630187.319
Thailand,THA,2010,68579447.0,134.2352502,43.856,56.144,99.7,22.8,72.8,245.6832,341104766329.17
Thailand,THA,2011,69007208.0,135.0725362,44.698,55.302,99.3,23.0,74.0,246.0704,370818739623.622
Thailand,THA,2012,69436098.0,135.9120319,45.445,54.555,99.1,23.6,75.3,264.102,397558325278.579
Thailand,THA,2013,69845114.0,136.712627,46.193,53.807,99.4,23.2,76.4,275.3196,420333654592.547
Thailand,THA,2014,70216367.0,137.4393059,46.943,53.057,99.5,24.4,77.4,271.7352,407339040197.651
Thailand,THA,2015,70540795.0,138.0743311,47.694,52.306,99.6,22.6,78.7,279.0886,401296238228.084
Thailand,THA,2016,70859841.0,138.6988217,48.448,51.552,99.9,22.4,79.8,275.3767,413366349747.508
Thailand,THA,2017,71160187.0,139.2867095,49.2,50.8,99.9,22.2,81.0,274.037,456356813536.764
Thailand,THA,2018,71376079.0,139.7092897,49.949,50.051,99.8,23.7,82.2,271.251,506754208404.485
Thailand,THA,2019,71522271.0,139.9954413,50.692,49.308,99.9,23.9,83.1,281.5515,543976691793.886
Thailand,THA,2020,71641484.0,140.2287851,51.43,48.57,100.0,20.9,84.3,274.2991,500461898480.246
Turkiye,TUR,2008,71051678.0,92.3192677,69.651,30.349,99.7,12.5,93.8,299.0327,770449132861.373
Turkiye,TUR,2009,72039206.0,93.60238816,70.241,29.759,99.7,13.1,94.0,301.4417,649289324627.732
Turkiye,TUR,2010,73142150.0,95.03547159,70.825,29.175,100.0,14.2,94.2,312.2163,776967266305.53
Turkiye,TUR,2011,74223629.0,96.44066499,71.402,28.598,100.0,12.7,94.5,332.7711,838785289694.35
Turkiye,TUR,2012,75175827.0,97.67788028,71.974,28.026,100.0,13.0,94.6,344.1787,880555885492.269
Turkiye,TUR,2013,76147624.0,98.94056105,72.531,27.469,100.0,13.8,94.7,334.1108,957799120008.32
Turkiye,TUR,2014,77181884.0,100.2844016,73.077,26.923,100.0,11.5,94.8,355.6857,938934609296.966
Turkiye,TUR,2015,78218479.0,101.6312761,73.611,26.389,100.0,13.3,94.8,368.3596,864313810469.009
Turkiye,TUR,2016,79277962.0,103.0078895,74.134,25.866,100.0,13.2,95.0,392.3754,869682881593.041
Turkiye,TUR,2017,80312698.0,104.3523485,74.644,25.356,100.0,11.4,95.0,434.0801,858988492853.742
Turkiye,TUR,2018,81407204.0,105.7744683,75.143,24.857,100.0,11.8,95.1,430.3928,778972108040.602
Turkiye,TUR,2019,82579440.0,107.2975846,75.63,24.37,100.0,14.1,95.2,415.2444,761005915750.925
Turkiye,TUR,2020,83384680.0,108.3438535,76.105,23.895,100.0,13.7,95.3,425.093,720338490327.248
Ukraine,UKR,2008,46819175.0,80.81746703,68.325,31.675,99.8,2.7,94.2,347.5183,188110390659.515
Ukraine,UKR,2009,46623731.0,80.48009908,68.502,31.498,99.9,3.0,94.3,288.222,121552153444.124
Ukraine,UKR,2010,46456003.0,80.19057343,68.596,31.404,100.0,2.9,94.55,309.2208,141209170427.233
Ukraine,UKR,2011,46307853.0,79.93484257,68.689,31.311,100.0,2.7,94.6,326.936,169333835201.554
Ukraine,UKR,2012,46210056.0,79.76602914,68.782,31.218,99.9,2.9,94.9,318.8237,182591753827.949
Ukraine,UKR,2013,46126770.0,79.62226403,68.875,31.125,100.0,3.5,95.0,308.9306,190498811460.028
Ukraine,UKR,2014,45972380.0,79.35987157,68.968,31.032,100.0,3.5,95.1,265.0329,133503871861.723
Ukraine,UKR,2015,45784896.0,79.03622711,69.061,30.939,100.0,4.2,95.3,221.5948,91030967789.0717
Ukraine,UKR,2016,45616832.0,78.74610644,69.154,30.846,100.0,5.5,95.2,221.9612,93355869403.9223
Ukraine,UKR,2017,45436041.0,78.43266183,69.246,30.754,100.0,6.5,95.1,200.128,112090505081.739
Ukraine,UKR,2018,45208907.0,78.02710908,69.352,30.648,100.0,6.9,95.3,213.6814,130891088293.55
Ukraine,UKR,2019,44957458.0,77.59312737,69.473,30.527,100.0,7.4,95.2,201.5269,153883047509.577
Ukraine,UKR,2020,44680014.0,77.11428029,69.608,30.392,100.0,8.7,95.1,192.0138,156617722013.342
United Kingdom,GBR,2008,61806995.0,255.4747034,80.757,19.243,100.0,2.4,100.0,531.3931,2929411764705.88
United Kingdom,GBR,2009,62276270.0,257.4144174,81.031,18.969,100.0,3.0,100.0,481.789,2412840006231.5
United Kingdom,GBR,2010,62766365.0,259.4401893,81.302,18.698,100.0,3.2,100.0,497.6151,2485482596184.71
United Kingdom,GBR,2011,63258810.0,261.4756748,81.57,18.43,100.0,4.0,100.0,457.8869,2663805834828.07
United Kingdom,GBR,2012,63700215.0,263.3001901,81.837,18.163,100.0,4.2,100.0,480.7009,2707089726614.64
United Kingdom,GBR,2013,64128273.0,265.0695366,82.102,17.898,100.0,5.2,100.0,467.4401,2784853502534.29
United Kingdom,GBR,2014,64602298.0,267.0288844,82.365,17.635,100.0,6.6,100.0,428.9045,3064708247921.43
United Kingdom,GBR,2015,65116219.0,269.1531393,82.626,17.374,100.0,7.7,100.0,414.2155,2927911140916.73
United Kingdom,GBR,2016,65611593.0,271.2007316,82.886,17.114,100.0,7.7,100.0,394.1968,2689106566899.61
United Kingdom,GBR,2017,66058859.0,273.049473,83.143,16.857,100.0,8.8,100.0,379.2145,2680148052335.3
United Kingdom,GBR,2018,66460344.0,274.7089819,83.398,16.602,100.0,10.2,100.0,373.3339,2871340347581.79
United Kingdom,GBR,2019,66836327.0,276.2630802,83.652,16.348,100.0,11.4,100.0,357.881,2851407164907.81
United Kingdom,GBR,2020,67081234.0,277.2753854,83.903,16.097,100.0,13.6,100.0,320.5414,2696778386607.65
United States,USA,2008,304093966.0,33.24368685,80.438,19.562,100.0,6.8,100.0,5689.6995,14769862000000.0
United States,USA,2009,306771529.0,33.53639923,80.606,19.394,100.0,7.3,100.0,5273.5107,14478067000000.0
United States,USA,2010,309327143.0,33.81578008,80.772,19.228,100.0,7.4,100.0,5521.9663,15048971000000.0
United States,USA,2011,311583481.0,34.06244395,80.944,19.056,100.0,8.4,100.0,5308.1164,15599732000000.0
United States,USA,2012,313877662.0,34.31324483,81.119,18.881,100.0,8.5,100.0,5088.2532,16253970000000.0
United States,USA,2013,316059947.0,34.55181319,81.299,18.701,100.0,8.9,100.0,5225.2858,16880683000000.0
United States,USA,2014,318386329.0,34.8061343,81.483,18.517,100.0,9.0,100.0,5244.399,17608138000000.0
United States,USA,2015,320738994.0,35.06332868,81.671,18.329,100.0,8.9,100.0,5133.5565,18295019000000.0
United States,USA,2016,323071755.0,35.31834714,81.862,18.138,100.0,9.3,100.0,5029.157,18804913000000.0
United States,USA,2017,325122128.0,35.54249482,82.058,17.942,100.0,9.7,100.0,4959.6319,19612102000000.0
United States,USA,2018,326838199.0,35.73009646,82.256,17.744,100.0,9.9,100.0,5117.5686,20656516000000.0
United States,USA,2019,328329953.0,35.89317567,82.459,17.541,100.0,10.2,100.0,4966.9703,21539982000000.0
United States,USA,2020,331526933.0,36.24267094,82.664,17.336,100.0,11.0,100.0,4466.7314,21354105000000.0
Russian Federation,RUS,2008,142742366.0,8.716095689,73.598,26.402,98.3,3.3,99.7,1744.612,1660848058303.11
Russian Federation,RUS,2009,142785348.0,8.718720244,73.642,26.358,98.4,3.6,99.7,1642.9749,1222645900055.7
Russian Federation,RUS,2010,142849468.0,8.722635522,73.687,26.313,99.3,3.3,99.6,1719.8096,1524916715223.95
Russian Federation,RUS,2011,143018195.0,8.732938284,73.732,26.268,99.2,3.2,99.6,1806.4603,2045922753398.04
Russian Federation,RUS,2012,143378447.0,8.754935894,73.791,26.209,100.0,3.2,99.5,1793.6343,2208293553878.42
Russian Federation,RUS,2013,143805638.0,8.781020915,73.863,26.137,100.0,3.6,99.5,1738.0707,2292470078346.22
Russian Federation,RUS,2014,144237223.0,8.807374242,73.95,26.05,100.0,3.3,99.6,1720.489,2059241589895.01
Russian Federation,RUS,2015,144640716.0,8.832012222,74.05,25.95,95.5,3.2,99.5,1726.8321,1363482182197.71
Russian Federation,RUS,2016,145015460.0,8.854894739,74.164,25.836,99.4,3.4,99.5,1700.3653,1276786350881.14
Russian Federation,RUS,2017,145293260.0,8.871857687,74.292,25.708,100.0,3.2,99.5,1730.5225,1574199360089.0
Russian Federation,RUS,2018,145398106.0,8.878259765,74.433,25.567,100.0,3.2,99.5,1806.8014,1657328773461.31
Russian Federation,RUS,2019,145453291.0,8.881629457,74.587,25.413,99.8,3.2,99.5,1877.0238,1693115002708.32
Russian Federation,RUS,2020,145245148.0,8.868919885,74.754,25.246,99.9,3.7,99.4,1789.2514,1493075894362.14
Indonesia,IDN,2008,240157903.0,127.9123689,48.335,51.665,92.7,41.1,28.45,393.8964,510228634992.255
Indonesia,IDN,2009,243220028.0,129.5433111,49.134,50.866,93.6,38.2,34.2,409.8985,539580085612.401
Indonesia,IDN,2010,246305322.0,131.1865936,49.914,50.086,94.2,36.0,40.6,434.5687,755094157594.524
Indonesia,IDN,2011,249470032.0,132.8721744,50.595,49.405,94.8,32.4,46.6,496.3287,892969104529.572
Indonesia,IDN,2012,252698525.0,134.5917272,51.276,48.724,96.0,30.1,52.6,503.4282,917869913364.917
Indonesia,IDN,2013,255852467.0,136.2715728,51.955,48.045,96.5,30.6,58.1,469.3824,912524136718.018
Indonesia,IDN,2014,258877399.0,137.8827053,52.635,47.365,97.0,29.3,63.0,505.126,890814755511.014
Indonesia,IDN,2015,261799249.0,139.4389346,53.313,46.687,97.5,26.6,67.3,512.105,860854232717.718
Indonesia,IDN,2016,264627418.0,140.9452677,53.989,46.011,97.6,27.8,71.6,506.2579,931877364034.196
Indonesia,IDN,2017,267346658.0,142.3935832,54.659,45.341,98.1,25.2,75.5,542.0537,1015618744168.08
Indonesia,IDN,2018,269951846.0,143.7811527,55.325,44.675,98.5,22.0,78.9,596.9417,1042271532953.49
Indonesia,IDN,2019,272489381.0,145.1326889,55.985,44.015,98.9,19.8,82.1,636.7911,1119099871385.79
Indonesia,IDN,2020,274814866.0,146.3712836,56.641,43.359,97.0,21.9,84.8,594.277,1059054842711.55
Iran,IRN,2008,75514204.0,46.36300253,69.458,30.542,98.8,0.7,96.5,549.7509,406070949550.867
Iran,IRN,2009,76457825.0,46.94235185,70.045,29.955,99.7,0.8,96.8,571.3448,414059094949.597
Iran,IRN,2010,77420842.0,47.53360962,70.626,29.374,99.4,0.9,96.9,574.6116,487069570461.36
Iran,IRN,2011,78383598.0,48.12470714,71.2,28.8,99.5,0.9,97.0,584.0948,629082257472.368
Iran,IRN,2012,79370580.0,48.73067855,71.755,28.245,99.5,0.9,97.1,591.1841,644019315003.54
Iran,IRN,2013,80414686.0,49.37172205,72.295,27.705,99.8,1.0,97.1,611.3338,500399839839.877
Iran,IRN,2014,81502045.0,50.03932132,72.83,27.17,100.0,0.9,97.1,635.1866,462284793280.825
Iran,IRN,2015,82619362.0,50.72531374,73.358,26.642,100.0,0.9,97.1,628.8444,409191686496.677
Iran,IRN,2016,83812228.0,51.45769051,73.88,26.12,100.0,1.0,97.0,641.4569,459042684192.698
Iran,IRN,2017,85026754.0,52.40477904,74.394,25.606,99.9,1.0,96.8,664.8995,489168731811.147
Iran,IRN,2018,86117998.0,53.07734854,74.898,25.102,100.0,1.0,96.6,676.5598,398880231367.268
Iran,IRN,2019,87051648.0,53.65278767,75.391,24.609,100.0,1.0,96.5,664.1015,333519146339.191
Iran,IRN,2020,87723443.0,54.06683698,75.874,24.126,100.0,0.9,96.4,656.7982,262186179355.944
Kazakhstan,KAZ,2008,16426525.0,6.084574212,56.682,43.318,100.0,1.1,90.5,253.123,133441648851.982
Kazakhstan,KAZ,2009,16619846.0,6.156182539,56.755,43.245,100.0,1.3,91.2,225.3866,115308686941.38
Kazakhstan,KAZ,2010,16836810.0,6.236548505,56.827,43.173,100.0,1.4,91.6,241.989,148047348240.643
Kazakhstan,KAZ,2011,17066002.0,6.321443864,56.9,43.1,99.8,1.4,92.1,258.3271,192626464617.071
Kazakhstan,KAZ,2012,17306106.0,6.410381153,56.973,43.027,100.0,1.3,92.4,256.2936,207998568865.789
Kazakhstan,KAZ,2013,17556502.0,6.503130718,57.046,42.954,100.0,1.2,92.8,275.2521,236634603409.089
Kazakhstan,KAZ,2014,17816285.0,6.599357336,57.118,42.882,100.0,1.3,93.0,228.4569,221415613595.469
Kazakhstan,KAZ,2015,18084169.0,6.698584658,57.191,42.809,100.0,1.7,93.2,201.3691,184388404706.042
Kazakhstan,KAZ,2016,18363600.0,6.802089121,57.264,42.736,100.0,2.1,93.4,211.5262,137278320084.171
Kazakhstan,KAZ,2017,18651931.0,6.908890247,57.336,42.664,100.0,2.0,93.4,224.3208,166805788827.233
Kazakhstan,KAZ,2018,18932727.0,7.012900322,57.428,42.572,100.0,1.9,93.4,225.9918,179339977690.485
Kazakhstan,KAZ,2019,19209555.0,7.115440605,57.54,42.46,100.0,1.9,93.4,214.6891,181667184854.501
Kazakhstan,KAZ,2020,19482117.0,7.216400711,57.671,42.329,100.0,1.8,93.5,222.677,171082365861.423
Bolivia,BOL,2008,9850858.0,9.093379489,65.535,34.465,84.7,21.3,72.9,12.7492,16674276285.8956
Bolivia,BOL,2009,10016275.0,9.246076802,65.984,34.016,86.8,20.6,74.4,13.5964,17339992193.7322
Bolivia,BOL,2010,10182345.0,9.399376904,66.43,33.57,88.0,19.9,75.8,14.7076,19649723722.1034
Bolivia,BOL,2011,10348929.0,9.553151482,66.874,33.126,88.3,18.1,77.2,16.0021,23963164696.592
Bolivia,BOL,2012,10515807.0,9.707197452,67.315,32.685,90.4,17.4,78.6,16.9694,27084497481.9103
Bolivia,BOL,2013,10682608.0,9.861172344,67.699,32.301,89.5,16.0,79.9,18.024,30659338885.6729
Bolivia,BOL,2014,10848888.0,10.0146663,68.047,31.953,90.0,15.0,81.2,19.309,32996188012.5599
Bolivia,BOL,2015,11014705.0,10.16773285,68.393,31.607,91.5,14.2,82.35,19.8345,33000198248.1292
Bolivia,BOL,2016,11180020.0,10.32033601,68.738,31.262,91.8,13.6,83.5,21.2787,33941126200.0606
Bolivia,BOL,2017,11344587.0,10.47224868,69.08,30.92,91.8,14.3,84.6,21.648,37508642165.3366
Bolivia,BOL,2018,11508368.0,10.6234358,69.425,30.575,92.8,14.3,85.6,21.851,40287647930.4761
Bolivia,BOL,2019,11671386.0,10.77391858,69.773,30.227,95.1,13.5,86.6,21.8707,40895322843.7851
Bolivia,BOL,2020,11816299.0,10.90768854,70.123,29.877,97.2,16.9,87.4,18.4606,36629843805.0216
Uruguay,URY,2008,3302177.0,18.86742658,93.998,6.002,98.8,44.1,100.0,7.8669,31119602538.8322
Uruguay,URY,2009,3310091.0,18.91264427,94.209,5.791,99.1,44.6,100.0,7.7867,32708319077.5179
Uruguay,URY,2010,3318580.0,18.9611473,94.414,5.586,99.3,53.3,100.0,6.4131,41950361211.9581
Uruguay,URY,2011,3326825.0,19.0082562,94.612,5.388,99.2,49.7,100.0,7.7424,50342406067.0777
Uruguay,URY,2012,3335401.0,19.05725631,94.739,5.261,99.6,47.9,100.0,8.8178,54232266358.7811
Uruguay,URY,2013,3345337.0,19.11402697,94.843,5.157,99.6,51.9,100.0,7.5959,61337621933.7857
Uruguay,URY,2014,3356334.0,19.17685979,94.945,5.055,99.7,56.7,100.0,6.6612,61496186973.902
Uruguay,URY,2015,3368017.0,19.24361216,95.045,4.955,99.7,59.4,100.0,6.837,57680327998.6689
Uruguay,URY,2016,3379283.0,19.30798194,95.144,4.856,99.7,60.3,100.0,6.7355,57480788390.2581
Uruguay,URY,2017,3388438.0,19.36029025,95.24,4.76,99.8,60.8,100.0,6.341,65006039995.0
Uruguay,URY,2018,3394534.0,19.39512056,95.334,4.666,99.8,60.8,100.0,6.8315,65344576348.2279
Uruguay,URY,2019,3397206.0,19.41038738,95.426,4.574,99.9,59.3,100.0,7.1178,62222325807.0578
Uruguay,URY,2020,3398968.0,19.42045481,95.515,4.485,100.0,61.2,100.0,6.8958,53668636567.8667
Panama,PAN,2008,3500648.0,47.08969599,64.56,35.44,86.3,23.4,100.0,7.2555,25721328000.0
Panama,PAN,2009,3564381.0,47.94701372,64.851,35.149,87.0,20.4,100.0,8.6731,27791215500.0
Panama,PAN,2010,3628535.0,48.80999462,65.14,34.86,86.9,20.6,100.0,9.1776,30231009500.0
Panama,PAN,2011,3693505.0,49.68395211,65.437,34.563,88.6,19.7,100.0,9.9955,35687738300.0
Panama,PAN,2012,3759256.0,50.56841539,65.741,34.259,89.3,21.2,100.0,10.4516,41595439700.0
Panama,PAN,2013,3825329.0,51.45721012,66.052,33.948,89.1,20.7,100.0,10.2621,46949496500.0
Panama,PAN,2014,3892101.0,52.5108068,66.371,33.629,90.8,19.8,100.0,10.7718,51427104900.0
Panama,PAN,2015,3960035.0,53.42734754,66.696,33.304,91.6,22.0,100.0,10.6311,55767806100.0
Panama,PAN,2016,4029086.0,54.35895845,67.027,32.973,92.4,22.1,100.0,10.6644,59760858700.0
Panama,PAN,2017,4098707.0,55.29825958,67.365,32.635,93.7,23.6,100.0,10.1457,64327688800.0
Panama,PAN,2018,4167860.0,56.18576436,67.709,32.291,93.8,24.5,100.0,9.9267,67316471200.0
Panama,PAN,2019,4234700.0,57.08681585,68.059,31.941,93.9,19.0,100.0,13.1056,69778991200.0
Panama,PAN,2020,4293261.0,57.87626045,68.414,31.586,95.3,28.5,100.0,9.5971,57059846500.0
Bulgaria,BGR,2008,7492561.0,68.98592211,71.622,28.378,92.3,9.9,94.236,54.4064,54480684188.4442
Bulgaria,BGR,2009,7444443.0,68.57445652,71.963,28.037,92.9,11.6,94.691,46.4564,52023801230.0
Bulgaria,BGR,2010,7395599.0,68.12453021,72.302,27.698,93.5,14.3,95.177,49.4329,50760929302.5147
Bulgaria,BGR,2011,7348328.0,67.68909359,72.638,27.362,94.1,13.2,95.582,54.7156,57737040780.0157
Bulgaria,BGR,2012,7305888.0,67.2981577,72.975,27.025,94.7,15.6,95.955,49.871,54288135058.7926
Bulgaria,BGR,2013,7265115.0,66.92257738,73.313,26.687,95.3,18.2,96.364,44.4068,55852123989.9504
Bulgaria,BGR,2014,7223938.0,66.54327561,73.651,26.349,95.9,17.1,96.714,47.2492,57157782909.9307
Bulgaria,BGR,2015,7177991.0,66.120035,73.99,26.01,96.6,17.9,97.009,49.7792,50811995688.6771
Bulgaria,BGR,2016,7127822.0,65.65790346,74.329,25.671,97.3,17.7,97.3,47.0982,53964253212.0
Bulgaria,BGR,2017,7075947.0,65.18005711,74.669,25.331,98.1,17.1,97.536,49.2263,59309748166.1179
Bulgaria,BGR,2018,7025037.0,64.71109985,75.008,24.992,98.7,19.6,97.755,46.2676,66289266348.6504
Bulgaria,BGR,2019,6975761.0,64.25719418,75.347,24.653,99.2,19.3,97.945,44.5676,68631726289.2794
Bulgaria,BGR,2020,6934015.0,63.87265107,75.686,24.314,99.7,21.1,98.1,39.3622,70716821234.5967
El Salvador,SLV,2008,6029297.0,290.9892375,63.678,36.322,91.0,31.5,73.1,7.0862,17986890000.0
El Salvador,SLV,2009,6048279.0,291.9053571,64.57,35.43,91.1,32.2,75.2,6.8948,17601620000.0
El Salvador,SLV,2010,6068249.0,292.8691602,65.452,34.548,91.6,32.6,77.0,6.7208,18447920000.0
El Salvador,SLV,2011,6090127.0,293.9250483,66.325,33.675,92.6,29.5,78.6,7.0198,20283780000.0
El Salvador,SLV,2012,6113975.0,295.0760135,67.187,32.813,93.7,30.3,80.4,6.9949,21386150000.0
El Salvador,SLV,2013,6138839.0,296.2760135,68.036,31.964,95.0,27.5,82.1,6.6284,21990960000.0
El Salvador,SLV,2014,6162955.0,297.4399131,68.874,31.126,95.1,24.0,83.8,6.8083,22593470000.0
El Salvador,SLV,2015,6183676.0,298.4399614,69.7,30.3,95.4,21.0,85.3,7.2629,23438240000.0
El Salvador,SLV,2016,6200800.0,299.2664093,70.501,29.499,96.0,20.7,87.0,7.3236,24191430000.0
El Salvador,SLV,2017,6213533.0,299.8809363,71.275,28.725,96.8,25.0,88.3,6.6285,24979190000.0
El Salvador,SLV,2018,6219807.0,300.1837355,72.023,27.977,97.0,23.2,89.7,7.1002,26020850000.0
El Salvador,SLV,2019,6222318.0,300.3049228,72.746,27.254,97.4,19.4,90.9,8.1035,26881140000.0
El Salvador,SLV,2020,6234673.0,300.9012066,73.444,26.556,99.7,23.7,91.9,6.6591,24921190000.0
Iceland,ISL,2008,317414.0,3.166224439,93.395,6.605,100.0,74.0,100.0,3.7862,18074622987.0185
Iceland,ISL,2009,318499.0,3.177047382,93.511,6.489,100.0,74.7,100.0,3.8286,13154414219.207
Iceland,ISL,2010,318041.0,3.172478803,93.574,6.426,100.0,76.0,100.0,3.7373,13751161917.7398
Iceland,ISL,2011,319014.0,3.182184539,93.587,6.413,100.0,77.1,100.0,3.6033,15221622925.9319
Iceland,ISL,2012,320716.0,3.199162095,93.6,6.4,100.0,77.7,100.0,3.6509,14751508133.5443
Iceland,ISL,2013,323764.0,3.229566085,93.633,6.367,100.0,76.8,100.0,3.7362,16125060515.3117
Iceland,ISL,2014,327386.0,3.265695761,93.667,6.333,100.0,77.6,100.0,3.5613,17867662177.8911
Iceland,ISL,2015,330815.0,3.299900249,93.7,6.3,100.0,78.0,100.0,3.6549,17517210519.0912
Iceland,ISL,2016,335439.0,3.346024938,93.735,6.265,100.0,80.9,100.0,3.2142,20793168030.9524
Iceland,ISL,2017,343400.0,3.425436409,93.773,6.227,100.0,80.8,100.0,3.3148,24728285177.4603
Iceland,ISL,2018,352721.0,3.498175146,93.813,6.187,100.0,81.4,100.0,3.2955,26260850582.0687
Iceland,ISL,2019,360563.0,3.575949618,93.855,6.145,100.0,81.7,100.0,3.1653,24681343649.2952
Iceland,ISL,2020,366463.0,3.634463949,93.898,6.102,100.0,82.9,100.0,3.0602,21629953194.0659
Moldova,MDA,2008,2868833.0,99.86538796,42.682,57.318,99.1,4.9,89.0,7.7632,6054824248.24221
Moldova,MDA,2009,2865213.0,99.73937411,42.651,57.349,99.2,4.8,90.7,7.6323,5439434271.78807
Moldova,MDA,2010,2862354.0,99.77878482,42.62,57.38,99.3,20.0,92.0,8.3894,6974982369.60155
Moldova,MDA,2011,2860699.0,99.72109318,42.589,57.411,99.4,20.4,93.1,8.4266,8414352020.49442
Moldova,MDA,2012,2860324.0,99.67327595,42.558,57.442,99.5,22.1,94.1,8.2455,8709138634.82921
Moldova,MDA,2013,2859558.0,99.57718425,42.527,57.473,99.6,23.8,94.9,7.3433,9496717875.51932
Moldova,MDA,2014,2857815.0,99.51648849,42.496,57.504,99.8,24.3,95.65,7.885,9402090137.7423
Moldova,MDA,2015,2835978.0,98.75606783,42.49,57.51,99.9,24.7,96.1,8.1636,7797667196.73087
Moldova,MDA,2016,2803186.0,97.61416583,42.511,57.489,99.9,25.3,96.6,8.3042,7980917075.7748
Moldova,MDA,2017,2755189.0,95.90938838,42.557,57.443,100.0,26.1,96.8,8.1896,9514404016.20949
Moldova,MDA,2018,2707203.0,94.25439467,42.629,57.371,100.0,25.3,97.0,8.7553,11252353420.8798
Moldova,MDA,2019,2664224.0,92.75609357,42.726,57.274,100.0,22.0,97.3,9.0374,11736797054.6965
Moldova,MDA,2020,2635130.0,91.74732605,42.849,57.151,100.0,22.3,97.4,8.7757,11530746234.4492
Slovak Republic,SVK,2008,5379233.0,111.8343659,55.111,44.889,100.0,7.6,100.0,40.6952,100830060552.902
Slovak Republic,SVK,2009,5386406.0,112.006779,54.96,45.04,100.0,10.0,100.0,36.8926,89342984697.5246
Slovak Republic,SVK,2010,5391428.0,112.1088769,54.685,45.315,100.0,10.3,100.0,39.3279,91112160800.7668
Slovak Republic,SVK,2011,5398384.0,112.2605224,54.42,45.58,100.0,10.4,100.0,37.5573,99705104723.4341
Slovak Republic,SVK,2012,5407579.0,112.4517343,54.28,45.72,100.0,10.5,100.0,35.8384,94724394278.052
Slovak Republic,SVK,2013,5413393.0,112.5726377,54.14,45.86,100.0,10.7,100.0,36.1493,99134277850.3418
Slovak Republic,SVK,2014,5418649.0,112.7006864,54.0,46.0,100.0,12.2,100.0,33.6589,101713075598.862
Slovak Republic,SVK,2015,5423801.0,112.8031488,53.889,46.111,100.0,13.4,100.0,34.1112,89178548717.3324
Slovak Republic,SVK,2016,5430798.0,112.9533694,53.806,46.194,100.0,13.1,100.0,35.0566,90347173228.6356
Slovak Republic,SVK,2017,5439232.0,113.1287854,53.751,46.249,100.0,12.4,100.0,37.3056,95978130734.9766
Slovak Republic,SVK,2018,5446771.0,113.2855865,53.726,46.274,100.0,12.4,100.0,36.6487,106611673364.837
Slovak Republic,SVK,2019,5454147.0,113.4389975,53.729,46.271,100.0,17.6,100.0,34.4752,105843498304.094
Slovak Republic,SVK,2020,5458827.0,113.5363353,53.76,46.24,100.0,17.6,100.0,32.31,107732602896.441
