Country,Country_Code,Year,total_population,population_density_sq_km,urban_population_percent,rural_population_percent,electricity_access_percent,renewable_energy_consumption_percent,clean_fuel_tech_cooking_percent,co2_emissions_excl_lulucf
Armenia,ARM,2008,3087100,108.4334387,63.64,36.36,99.2,6.4,94.9,5.6482
Armenia,ARM,2009,3066000,107.6923077,63.54,36.46,99.3,7.8,95.6,4.5018
Armenia,ARM,2010,3044800,106.9476642,63.44,36.56,99.8,9.4,96.1,4.2988
Armenia,ARM,2011,3027900,106.3540569,63.34,36.66,99.5,8,96.6,4.9037
Armenia,ARM,2012,3024100,106.2205831,63.24,36.76,99.5,6.6,96.8,5.6692
Armenia,ARM,2013,3022000,106.1468212,63.164,36.836,99.4,6.8,97.1,5.4813
Armenia,ARM,2014,3013800,105.8587987,63.112,36.888,99.7,7.1,97.3,5.4722
Armenia,ARM,2015,3004600,105.5356516,63.085,36.915,100,10.7,97.5,5.3342
Armenia,ARM,2016,2992300,105.1036178,63.082,36.918,99.8,13.2,97.6,5.0789
Armenia,ARM,2017,2979400,104.6505093,63.103,36.897,99.7,12.6,97.7,5.3808
Armenia,ARM,2018,2969000,104.2852125,63.149,36.851,99.9,11.1,97.8,5.6947
Armenia,ARM,2019,2962500,104.056902,63.219,36.781,100,10.3,97.9,6.182
Armenia,ARM,2020,2961500,104.0217773,63.313,36.687,100,8.4,97.9,6.7038
Austria,AUT,2008,8321496,100.8421716,57.966,42.034,100,29.7,100,74.5096
Austria,AUT,2009,8343323,101.1066772,57.683,42.317,100,31.3,100,67.9079
Austria,AUT,2010,8363404,101.3500242,57.399,42.601,100,31.1,100,73.581
Austria,AUT,2011,8391643,101.6922322,57.115,42.885,100,31.6,100,71.9557
Austria,AUT,2012,8429991,102.1569438,57.147,42.853,100,34.4,100,68.8985
Austria,AUT,2013,8479823,102.7608216,57.336,42.664,100,34.6,100,69.4999
Austria,AUT,2014,8546356,103.5670868,57.526,42.474,100,35.7,100,65.8761
Austria,AUT,2015,8642699,104.7345977,57.715,42.285,100,34.8,100,67.2562
Austria,AUT,2016,8736668,105.8733398,57.905,42.095,100,34.6,100,67.6656
Austria,AUT,2017,8797566,106.6113185,58.094,41.906,100,34,100,69.9541
Austria,AUT,2018,8840521,107.1318589,58.297,41.703,100,34.1,100,66.9575
Austria,AUT,2019,8879920,107.6093068,58.515,41.485,100,34,100,68.5563
Austria,AUT,2020,8916864,108.0570044,58.748,41.252,100,35.8,100,62.6299
Belarus,BLR,2008,9527985,46.95855635,73.726,26.274,93.2,7.1,98.1,64.4619
Belarus,BLR,2009,9504583,46.84414336,74.172,25.828,93.8,7.4,98.5,61.352
Belarus,BLR,2010,9483836,46.74096855,74.672,25.328,94.4,7.3,98.7,65.8561
Belarus,BLR,2011,9461643,46.62975211,75.188,24.812,95,7.5,99,62.6977
Belarus,BLR,2012,9446836,46.5593029,75.697,24.303,95.6,7.2,99.2,63.98
Belarus,BLR,2013,9443211,46.53937252,76.199,23.801,96.2,7,99.3,64.1533
Belarus,BLR,2014,9448515,46.55060033,76.693,23.307,96.8,6.7,99.4,63.6974
Belarus,BLR,2015,9461076,46.61133719,77.181,22.819,97.4,6.8,99.5,59.0118
Belarus,BLR,2016,9469379,46.64994482,77.661,22.339,98,6.7,99.5,58.9515
Belarus,BLR,2017,9458989,46.59875953,78.134,21.866,98.7,7.3,99.6,60.1134
Belarus,BLR,2018,9438785,46.50105922,78.595,21.405,99.3,7.2,99.7,63.4636
Belarus,BLR,2019,9419758,46.41075062,79.044,20.956,100,7.8,99.7,61.3005
Belarus,BLR,2020,9379952,46.21121293,79.483,20.517,100,8.4,99.7,58.0941
Belgium,BEL,2008,10709973,353.079913,97.555,2.445,100,4,100,114.3278
Belgium,BEL,2009,10796493,355.932252,97.603,2.397,100,4.9,100,107.0745
Belgium,BEL,2010,10895586,359.1990901,97.651,2.349,100,6.2,100,114.6444
Belgium,BEL,2011,11038264,363.9028121,97.698,2.302,100,6.7,100,104.2439
Belgium,BEL,2012,11106932,366.1666172,97.744,2.256,100,7.7,100,102.773
Belgium,BEL,2013,11159407,367.8965813,97.789,2.211,100,8.3,100,104.1691
Belgium,BEL,2014,11209057,369.5334125,97.833,2.167,100,9.1,100,97.4685
Belgium,BEL,2015,11274196,371.6808756,97.876,2.124,100,9.4,100,102.0938
Belgium,BEL,2016,11331422,373.5674678,97.919,2.081,100,9.2,100,101.0047
Belgium,BEL,2017,11375158,375.0093298,97.961,2.039,100,9.7,100,99.4023
Belgium,BEL,2018,11427054,374.7435149,98.001,1.999,100,10.7,100,100.1343
Belgium,BEL,2019,11488980,376.761986,98.041,1.959,100,10.2,100,100.0509
Belgium,BEL,2020,11538604,378.3893225,98.079,1.921,100,12.3,100,92.3731
Brazil,BRA,2008,190367302,22.77627582,83.749,16.251,98.5,47,93.1,409.2582
Brazil,BRA,2009,192079951,22.98118373,84.044,15.956,98.9,48.9,93.4,382.7997
Brazil,BRA,2010,193701929,23.17524342,84.335,15.665,98.6,46.8,93.9,436.393
Brazil,BRA,2011,195284734,23.36461629,84.631,15.369,99.3,45.2,94.3,458.3598
Brazil,BRA,2012,196876111,23.55501475,84.923,15.077,99.5,43.5,94.7,495.2275
Brazil,BRA,2013,198478299,23.74670668,85.209,14.791,99.6,42.3,95.1,520.3719
Brazil,BRA,2014,200085127,23.93895376,85.492,14.508,99.7,41.7,95.4,545.1421
Brazil,BRA,2015,201675532,24.12923593,85.77,14.23,99.7,43.7,95.7,515.5152
Brazil,BRA,2016,203218114,24.31379637,86.042,13.958,99.7,45.4,95.8,480.8269
Brazil,BRA,2017,204703445,24.49150708,86.309,13.691,99.8,45.3,96.1,492.7353
Brazil,BRA,2018,206107261,24.65946502,86.569,13.431,99.7,46.9,96.2,468.764
Brazil,BRA,2019,207455459,24.82076862,86.824,13.176,99.8,47.5,96.4,468.014
Brazil,BRA,2020,208660842,24.96498527,87.073,12.927,99.7,50,96.4,447.6954
Canada,CAN,2008,33247298,3.708322375,80.578,19.422,100,21.6,100,580.5967
Canada,CAN,2009,33630069,3.751015717,80.758,19.242,100,22.2,100,547.2832
Canada,CAN,2010,34005902,3.792935211,80.937,19.063,100,21.4,100,563.41
Canada,CAN,2011,34339221,3.830112798,81.096,18.904,100,21.5,100,575.9768
Canada,CAN,2012,34713395,3.871847252,81.137,18.863,100,21.8,100,573.5173
Canada,CAN,2013,35080992,3.912848123,81.178,18.822,100,22.2,100,582.6315
Canada,CAN,2014,35434066,3.952229134,81.218,18.782,100,22.2,100,588.8153
Canada,CAN,2015,35704498,3.982392458,81.259,18.741,100,22.3,100,585.6989
Canada,CAN,2016,36110803,4.027710725,81.3,18.7,100,22.1,100,584.0312
Canada,CAN,2017,36545075,4.076148363,81.35,18.65,100,22.8,100,595.0612
Canada,CAN,2018,37072620,4.134989443,81.411,18.589,100,22.3,100,606.8575
Canada,CAN,2019,37618495,4.195875007,81.482,18.518,100,22.4,100,593.9794
Canada,CAN,2020,38028638,4.241621355,81.562,18.438,100,23.9,100,544.9676
China,CHN,2008,1324655000,141.0977052,46.539,53.461,98.8,14.1,52.7,7774.9554
China,CHN,2009,1331260000,141.8012441,47.88,52.12,99.1,13.4,55.2,8340.2013
China,CHN,2010,1337705000,142.4877434,49.226,50.774,99.7,12.3,57.4,9124.9114
China,CHN,2011,1345035000,143.2685098,50.511,49.489,99.9,11.3,60.1,9975.9314
China,CHN,2012,1354190000,144.243669,51.765,48.235,99.9,11.5,62.9,10288.8595
China,CHN,2013,1363240000,145.2076439,53.013,46.987,100,11.5,65.8,10782.993
China,CHN,2014,1371860000,146.1258167,54.259,45.741,100,11.9,68.8,10909.7228
China,CHN,2015,1379860000,146.9779493,55.5,44.5,100,12.2,71.5,10768.9819
China,CHN,2016,1387790000,147.8226414,56.736,43.264,100,12.6,74.4,10786.0992
China,CHN,2017,1396215000,148.7200435,57.96,42.04,100,13.1,77.1,11026.1102
China,CHN,2018,1402760000,149.4171945,59.152,40.848,100,13.5,79.5,11553.536
China,CHN,2019,1407745000,149.9481797,60.308,39.692,100,14.3,82,11819.3583
China,CHN,2020,1411100000,150.3055428,61.428,38.572,100,14.9,83.8,12037.3161
Colombia,COL,2008,43758808,39.44011537,77.204,22.796,96.8,30.8,83.9,61.4985
Colombia,COL,2009,44271541,39.90224516,77.587,22.413,96.1,31.4,84.9,64.3763
Colombia,COL,2010,44777319,40.35810635,77.964,22.036,96.8,30.6,85.6,66.1633
Colombia,COL,2011,45259614,40.79280216,78.335,21.665,96.7,29.6,86.5,71.4373
Colombia,COL,2012,45715810,41.20397476,78.701,21.299,97,29.6,87.1,71.6643
Colombia,COL,2013,46151584,41.59674087,79.061,20.939,97.8,32,87.9,79.3336
Colombia,COL,2014,46565429,41.96974223,79.415,20.585,97.8,32.1,88.8,81.4547
Colombia,COL,2015,46969940,42.33433078,79.764,20.236,98.2,31.1,89.4,82.5923
Colombia,COL,2016,47437512,42.75575665,80.108,19.892,98.4,30.5,90,85.4112
Colombia,COL,2017,48131078,43.38087247,80.446,19.554,98.5,32.2,90.7,77.7974
Colombia,COL,2018,49024465,44.18608833,80.778,19.222,98.5,30.4,91.4,81.6321
Colombia,COL,2019,49907985,44.982411,81.104,18.896,99.4,31.5,91.9,81.4829
Colombia,COL,2020,50629997,45.63316539,81.425,18.575,99.7,32,92.6,81.268
Costa Rica,CRI,2008,4440056,86.95761849,69.39,30.61,99.3,40.7,91.8,7.635
Costa Rica,CRI,2009,4499791,88.12751665,70.575,29.425,99.4,40.7,92.1,7.3266
Costa Rica,CRI,2010,4555962,89.22761457,71.736,28.264,99,40.4,92.4,7.2454
Costa Rica,CRI,2011,4609833,90.28266745,72.868,27.132,99.2,38,92.8,7.7059
Costa Rica,CRI,2012,4663934,91.34222483,73.946,26.054,99.5,38.1,93.2,7.6448
Costa Rica,CRI,2013,4716147,92.36480611,74.97,25.03,99.6,37.8,93.5,7.9449
Costa Rica,CRI,2014,4767119,93.36308265,75.941,24.059,99.4,37.6,93.9,8.0558
Costa Rica,CRI,2015,4818038,94.36032119,76.862,23.138,99.4,38.3,94.2,7.7698
Costa Rica,CRI,2016,4866998,95.31919311,77.735,22.265,99.5,34.1,94.6,8.2305
Costa Rica,CRI,2017,4913177,96.22359969,78.56,21.44,99.6,33.3,95,8.3771
Costa Rica,CRI,2018,4957818,97.09788484,79.34,20.66,99.7,33.1,95.3,8.4455
Costa Rica,CRI,2019,4999553,97.91525656,80.076,19.924,99.7,33.4,95.6,8.1893
Costa Rica,CRI,2020,5034320,98.59616138,80.771,19.229,99.9,36.4,95.9,7.1732
Croatia,HRV,2008,4309705,77.00852334,54.819,45.181,100,24.1,100,23.2226
Croatia,HRV,2009,4305181,76.92768566,54.987,45.013,100,27.2,100,21.572
Croatia,HRV,2010,4295427,76.75339504,55.155,44.845,100,29.8,100,20.8272
Croatia,HRV,2011,4280622,76.48884997,55.322,44.678,100,27.2,100,20.3379
Croatia,HRV,2012,4260368,76.12693875,55.506,44.494,100,29.4,100,18.6918
Croatia,HRV,2013,4233922,75.65438496,55.706,44.294,100,32.8,100,18.3064
Croatia,HRV,2014,4201598,75.07679937,55.923,44.077,100,33.6,100,17.6208
Croatia,HRV,2015,4151725,74.1856372,56.155,43.845,100,33.1,100,17.9625
Croatia,HRV,2016,4106867,73.3840862,56.403,43.597,100,31.8,100,18.2083
Croatia,HRV,2017,4041407,72.21440569,56.667,43.333,100,29.8,100,18.7342
Croatia,HRV,2018,3988775,71.27394396,56.947,43.053,100,32.8,100,17.7075
Croatia,HRV,2019,3949390,70.57018798,57.242,42.758,100,31.6,100,17.935
Croatia,HRV,2020,3914206,69.9464975,57.553,42.447,100,32.4,100,17.014
Cyprus,CYP,2008,1091026,118.0764069,67.839,32.161,100,5.7,100,8.4936
Cyprus,CYP,2009,1109371,120.0617965,67.695,32.305,100,6.3,100,8.2866
Cyprus,CYP,2010,1127816,122.0580087,67.551,32.449,100,6.5,100,7.9134
Cyprus,CYP,2011,1146493,124.079329,67.406,32.594,100,7.6,100,7.6557
Cyprus,CYP,2012,1165397,126.1252165,67.261,32.739,100,8.6,100,7.1208
Cyprus,CYP,2013,1183895,128.1271645,67.137,32.863,100,9.7,100,6.4395
Cyprus,CYP,2014,1201801,130.0650433,67.031,32.969,100,9.5,100,6.8161
Cyprus,CYP,2015,1219502,131.9807359,66.946,33.054,100,10.4,100,6.855
Cyprus,CYP,2016,1237112,133.8865801,66.881,33.119,100,10.3,100,7.2207
Cyprus,CYP,2017,1254275,135.7440476,66.836,33.164,100,10.9,100,7.3619
Cyprus,CYP,2018,1270737,137.5256494,66.81,33.19,100,12,100,7.2127
Cyprus,CYP,2019,1286671,139.2501082,66.805,33.195,100,12,100,7.2148
Cyprus,CYP,2020,1302247,140.9358225,66.821,33.179,100,15,100,6.8
Czechia,CZE,2008,10384603,134.4459218,73.394,26.606,100,9,100,125.3114
Czechia,CZE,2009,10443936,135.214086,73.324,26.676,100,10.2,100,118.9909
Czechia,CZE,2010,10474410,135.6261815,73.255,26.745,100,10.9,100,120.345
Czechia,CZE,2011,10496088,135.9068756,73.185,26.815,100,12.2,100,117.555
Czechia,CZE,2012,10510785,136.0971773,73.197,26.803,100,12.8,100,113.4623
Czechia,CZE,2013,10514272,136.1599586,73.29,26.71,100,13.9,100,108.945
Czechia,CZE,2014,10525347,136.30338,73.384,26.616,100,14.8,100,106.6095
Czechia,CZE,2015,10546059,136.589289,73.477,26.523,100,14.8,100,107.5739
Czechia,CZE,2016,10566332,136.8518586,73.57,26.43,100,14.8,100,109.0102
Czechia,CZE,2017,10594438,137.2158788,73.675,26.325,100,14.5,100,109.8664
Czechia,CZE,2018,10629928,137.6755343,73.792,26.208,100,14.7,100,108.6618
Czechia,CZE,2019,10671870,138.2268103,73.921,26.079,100,15.9,100,103.2747
Czechia,CZE,2020,10697858,138.5759288,74.061,25.939,100,17,100,94.2044
Denmark,DNK,2008,5493621,137.340525,86.487,13.513,100,18.5,100,50.6624
Denmark,DNK,2009,5523095,138.077375,86.654,13.346,100,19.3,100,48.4684
Denmark,DNK,2010,5547683,138.692075,86.795,13.205,100,21.2,100,48.58
Denmark,DNK,2011,5570572,139.2643,86.957,13.043,100,23.8,100,43.5074
Denmark,DNK,2012,5591572,139.7893,87.142,12.858,100,26.9,100,38.6096
Denmark,DNK,2013,5614932,140.3733,87.292,12.708,100,27,100,40.3534
Denmark,DNK,2014,5643475,141.086875,87.41,12.59,100,30.2,100,36.2169
Denmark,DNK,2015,5683483,142.087075,87.526,12.474,100,32.5,100,34.0852
Denmark,DNK,2016,5728010,143.20025,87.642,12.358,100,32,100,35.7161
Denmark,DNK,2017,5764980,144.1245,87.757,12.243,100,35,100,33.582
Denmark,DNK,2018,5793636,144.8409,87.874,12.126,100,34.6,100,33.5742
Denmark,DNK,2019,5814422,145.36055,87.994,12.006,100,37.2,100,30.0831
Denmark,DNK,2020,5831404,145.7851,88.116,11.884,100,39.5,100,27.6033
Dominican Republic,DOM,2008,9573130,198.1604223,71.3,28.7,97.6,17.7,87.1,20.6535
Dominican Republic,DOM,2009,9695265,200.6885738,72.542,27.458,97.9,17.3,87.3,19.8004
Dominican Republic,DOM,2010,9820175,203.2741668,73.753,26.247,98.1,16.9,87.5,20.8377
Dominican Republic,DOM,2011,9945621,205.8708549,74.827,25.173,97.9,16.8,87.6,21.0813
Dominican Republic,DOM,2012,10070411,208.453964,75.802,24.198,97.9,16.5,87.9,21.8534
Dominican Republic,DOM,2013,10193833,211.008756,76.749,23.251,98.4,16.6,88.3,21.4596
Dominican Republic,DOM,2014,10315528,213.5277996,77.67,22.33,98.5,17.3,88.6,21.6743
Dominican Republic,DOM,2015,10434829,215.9972883,78.566,21.434,98.6,14.9,89.1,23.8
Dominican Republic,DOM,2016,10551430,218.410888,79.436,20.564,98.9,15.3,89.6,24.7963
Dominican Republic,DOM,2017,10666843,220.7998965,80.277,19.723,100,16.9,90.2,23.7362
Dominican Republic,DOM,2018,10782053,223.184703,81.074,18.926,98.9,15.9,90.7,25.5515
Dominican Republic,DOM,2019,10894043,226.0267745,81.828,18.172,99,14.4,91.3,25.9419
Dominican Republic,DOM,2020,11008300,228.3973491,82.54,17.46,100,16,91.9,23.0619
Ecuador,ECU,2008,14575202,58.68578676,62.3,37.7,97.2,15.3,93.4,31.8179
Ecuador,ECU,2009,14825954,59.69541794,62.495,37.505,96.5,12.9,93.6,34.6222
Ecuador,ECU,2010,15076695,60.70500483,62.69,37.31,97.5,11.8,94,37.3219
Ecuador,ECU,2011,15326227,61.70972379,62.851,37.149,96.9,13.2,93.95,37.6935
Ecuador,ECU,2012,15572194,62.70008858,62.988,37.012,97.2,13.2,94,37.8686
Ecuador,ECU,2013,15807128,63.64602996,63.125,36.875,98,11.8,94.2,40.2925
Ecuador,ECU,2014,16035124,64.56403608,63.261,36.739,99,12.2,94.2,42.4828
Ecuador,ECU,2015,16266225,65.49454421,63.398,36.602,98.8,13.1,94.3,42.2047
Ecuador,ECU,2016,16505139,66.45651071,63.534,36.466,98.7,14.8,94.4,40.9127
Ecuador,ECU,2017,16759519,67.48074972,63.67,36.33,99.2,17,94.4,39.7064
Ecuador,ECU,2018,17049547,68.64852231,63.821,36.179,98.7,16.3,94.5,41.3159
Ecuador,ECU,2019,17340021,69.81809067,63.986,36.014,99.1,17.7,94.4,40.7692
Ecuador,ECU,2020,17546065,70.64770897,64.166,35.834,98.9,20.2,94.4,35.6829
Estonia,EST,2008,1337090,31.5425808,68.351,31.649,100,20.5,100,20.2026
Estonia,EST,2009,1334515,31.48183534,68.223,31.777,100,24.2,100,16.824
Estonia,EST,2010,1331475,31.41012031,68.094,31.906,100,25.3,100,21.6256
Estonia,EST,2011,1327439,31.31490918,67.965,32.035,100,25.2,100,21.7324
Estonia,EST,2012,1322696,31.20301958,67.974,32.026,100,25,100,20.5968
Estonia,EST,2013,1317997,30.31969174,68.122,31.878,100,24.5,100,22.9377
Estonia,EST,2014,1314545,30.24028065,68.269,31.731,100,25.3,100,22.003
Estonia,EST,2015,1315407,30.26011042,68.416,31.584,100,28.2,100,19.9902
Estonia,EST,2016,1315790,30.2689211,68.563,31.437,100,27.2,100,19.9891
Estonia,EST,2017,1317384,30.816,68.717,31.283,100,27.5,100,21.2239
Estonia,EST,2018,1321977,30.9234386,68.88,31.12,100,28.6,100,22.3408
Estonia,EST,2019,1326898,31.03854971,69.051,30.949,100,31.3,100,14.7106
Estonia,EST,2020,1329522,31.09992982,69.229,30.771,100,40.4,100,11.5416
Finland,FIN,2008,5313399,17.48403751,83.299,16.701,100,34.6,100,59.0946
Finland,FIN,2009,5338871,17.56785456,83.429,16.571,100,32.5,100,56.5001
Finland,FIN,2010,5363352,17.64841066,83.77,16.23,100,33.4,100,65.397
Finland,FIN,2011,5388272,17.73099477,84.313,15.687,100,35.1,100,57.768
Finland,FIN,2012,5413971,17.81556155,84.841,15.159,100,38.7,100,51.9019
Finland,FIN,2013,5438972,17.89783145,85.125,14.875,100,38.5,100,53.0017
Finland,FIN,2014,5461512,17.97200303,85.175,14.825,100,41.2,100,49.0463
Finland,FIN,2015,5479531,18.03011089,85.225,14.775,100,43.2,100,45.6594
Finland,FIN,2016,5495303,18.08200783,85.275,14.725,100,42.4,100,48.4776
Finland,FIN,2017,5508214,18.12389445,85.325,14.675,100,44.4,100,45.5711
Finland,FIN,2018,5515525,18.14795012,85.382,14.618,100,44.2,100,47.1684
Finland,FIN,2019,5521606,18.16736091,85.446,14.554,100,45.4,100,43.7069
Finland,FIN,2020,5529543,18.19287688,85.517,14.483,100,47.3,100,39.0201
France,FRA,2008,64375116,117.5678806,77.868,22.132,100,10.5,100,381.9631
France,FRA,2009,64706436,118.1729683,78.117,21.883,100,11.2,100,369.3187
France,FRA,2010,65026211,118.7569714,78.369,21.631,100,11.9,100,376.5955
France,FRA,2011,65340830,119.3315582,78.622,21.378,100,10.6,100,363.3023
France,FRA,2012,65657659,119.910181,78.878,21.122,100,12.3,100,365.248
France,FRA,2013,65997932,120.5316195,79.135,20.865,100,13.4,100,359.7839
France,FRA,2014,66312067,121.1053224,79.394,20.606,100,13.2,100,326.9437
France,FRA,2015,66548272,121.5367021,79.655,20.345,100,13.3,100,331.9617
France,FRA,2016,66724104,121.857823,79.917,20.083,100,14.2,100,335.0173
France,FRA,2017,66918020,122.2119706,80.18,19.82,100,14.1,100,338.5848
France,FRA,2018,67158348,122.6508802,80.444,19.556,100,15.2,100,327.6848
France,FRA,2019,67382061,123.0594459,80.709,19.291,100,15.5,100,321.6696
France,FRA,2020,67601110,123.4594937,80.975,19.025,100,16.8,100,286.3395
Georgia,GEO,2008,3848449,67.33001505,54.765,45.235,100,36.3,60.7,5.4894
Georgia,GEO,2009,3814419,66.73464782,55.15,44.85,100,36.7,62.8,6.3333
Georgia,GEO,2010,3786695,66.24960635,55.535,44.465,100,39.1,66,6.1637
Georgia,GEO,2011,3756441,65.72030162,55.919,44.081,100,31.5,68.5,7.4585
Georgia,GEO,2012,3728874,65.23800693,56.303,43.697,100,28.7,71,8.1409
Georgia,GEO,2013,3717668,65.04195388,56.685,43.315,100,32.4,74.2,8.9598
Georgia,GEO,2014,3719414,65.07250079,57.067,42.933,100,30.7,76.8,9.6626
Georgia,GEO,2015,3725276,65.17505861,57.448,42.552,100,27.5,79.2,10.3921
Georgia,GEO,2016,3727505,65.21405578,57.837,42.163,100,27.2,81.9,10.7581
Georgia,GEO,2017,3728004,65.22278596,58.231,41.769,100,27.5,84.2,10.98
Georgia,GEO,2018,3726549,65.19733021,58.632,41.368,99.9,27.4,86,10.9142
Georgia,GEO,2019,3720161,65.08556982,59.039,40.961,100,24.7,87.8,11.7339
Georgia,GEO,2020,3722716,65.13027048,59.453,40.547,100,23.4,89.6,11.3617
Germany,DEU,2008,82110097,235.5221782,76.575,23.425,100,10.2,100,823.5429
Germany,DEU,2009,81902307,234.9396374,76.771,23.229,100,10.7,100,763.9593
Germany,DEU,2010,81776930,234.6069082,76.966,23.034,100,11.6,100,809.1071
Germany,DEU,2011,80274983,230.3046333,77.16,22.84,100,12.5,100,783.1138
Germany,DEU,2012,80425823,230.7506255,77.17,22.83,100,13.6,100,795.7335
Germany,DEU,2013,80645605,231.1557126,77.18,22.82,100,13.6,100,813.1739
Germany,DEU,2014,80982500,232.1080539,77.19,22.81,100,14,100,773.2646
Germany,DEU,2015,81686611,234.1529869,77.2,22.8,100,14.6,100,779.7272
Germany,DEU,2016,82348669,235.7129294,77.224,22.776,100,14.2,100,783.995
Germany,DEU,2017,82657002,236.5887226,77.261,22.739,100,15.2,100,769.1068
Germany,DEU,2018,82905782,237.2940123,77.312,22.688,100,16,100,744.5547
Germany,DEU,2019,83092962,237.8229543,77.376,22.624,100,17.1,100,693.5111
Germany,DEU,2020,83160871,238.0173188,77.453,22.547,100,18.5,100,637.3954
Greece,GRC,2008,11077841,85.94135764,75.568,24.432,100,8.3,100,101.8191
Greece,GRC,2009,11107017,86.16770365,75.932,24.068,100,9.2,100,96.1591
Greece,GRC,2010,11121341,86.27882855,76.292,23.708,100,11.4,100,89.051
Greece,GRC,2011,11104899,86.1512723,76.649,23.351,100,11.4,100,86.0982
Greece,GRC,2012,11045011,85.68666408,77.004,22.996,100,14.2,100,81.5011
Greece,GRC,2013,10965211,85.06757952,77.355,22.645,100,16.6,100,73.8659
Greece,GRC,2014,10892413,84.50281614,77.702,22.298,100,16.4,100,71.0042
Greece,GRC,2015,10820883,83.94788984,78.046,21.954,100,17.5,100,69.4285
Greece,GRC,2016,10775971,83.5994647,78.387,21.613,100,16.4,100,68.1342
Greece,GRC,2017,10754679,83.43428239,78.724,21.276,100,16.4,100,68.3568
Greece,GRC,2018,10732882,83.26518231,79.058,20.942,100,17.9,100,66.5082
Greece,GRC,2019,10721582,83.17751746,79.388,20.612,100,18.5,100,61.4455
Greece,GRC,2020,10698599,82.99921645,79.715,20.285,100,20.1,100,52.3082
Honduras,HND,2008,8012587,71.61128787,50.566,49.434,76.4,50,40.75,8.6651
Honduras,HND,2009,8189899,73.19598713,51.225,48.775,78.3,50.5,42.1,8.1654
Honduras,HND,2010,8365878,74.7687729,51.885,48.115,81,53.6,42.4,7.9773
Honduras,HND,2011,8540583,76.33017249,52.543,47.457,82.2,50.9,43.4,9.4831
Honduras,HND,2012,8715076,77.88967736,53.202,46.798,83.6,49.3,44.1,9.9221
Honduras,HND,2013,8889278,79.44658146,53.858,46.142,87.2,51.1,44.5,9.7066
Honduras,HND,2014,9063122,81.000286,54.514,45.486,88.7,52.2,45,9.9258
Honduras,HND,2015,9237305,82.55702029,55.165,44.835,90,50.8,45.9,10.5272
Honduras,HND,2016,9412380,84.1217267,55.813,44.187,91.6,52.7,46.5,10.3656
Honduras,HND,2017,9588137,85.69252838,56.457,43.543,86.5,45.6,46.9,9.3382
Honduras,HND,2018,9765210,87.27509161,57.096,42.904,91.6,48.9,47.6,8.9964
Honduras,HND,2019,9943633,88.86972026,57.73,42.27,91.1,46.2,48.1,10.1608
Honduras,HND,2020,10119640,90.44275628,58.359,41.641,93.1,50.2,48.9,8.8253
Hungary,HUN,2008,10038188,112.0208459,67.943,32.057,100,9,100,57.3322
Hungary,HUN,2009,10022650,110.7108141,68.46,31.54,100,12.3,100,51.2309
Hungary,HUN,2010,10000023,110.4608748,68.911,31.089,100,13.5,100,51.8402
Hungary,HUN,2011,9971727,110.1483155,69.358,30.642,100,14.7,100,50.9661
Hungary,HUN,2012,9920362,109.5809345,69.678,30.322,100,16.5,100,47.2884
Hungary,HUN,2013,9893082,109.2795979,69.953,30.047,100,17.2,100,44.5476
Hungary,HUN,2014,9866468,108.1138286,70.227,29.773,100,15.7,100,44.6648
Hungary,HUN,2015,9843028,107.8569801,70.5,29.5,100,15.6,100,47.3196
Hungary,HUN,2016,9814023,107.5391519,70.779,29.221,100,15.3,100,48.1433
Hungary,HUN,2017,9787966,107.253627,71.062,28.938,100,14.6,100,53.8695
Hungary,HUN,2018,9775564,107.1177296,71.351,28.649,100,13.6,100,53.6536
Hungary,HUN,2019,9771141,107.0692636,71.644,28.356,100,13.6,100,52.0727
Hungary,HUN,2020,9750149,106.8392395,71.942,28.058,100,14.8,100,49.6279
Ireland,IRL,2008,4489544,65.16974888,61.141,38.859,100,4.2,100,46.0709
Ireland,IRL,2009,4535375,65.83502685,61.342,38.658,100,5.3,100,40.9621
Ireland,IRL,2010,4560155,66.19473073,61.542,38.458,100,5.3,100,40.7146
Ireland,IRL,2011,4580084,66.484018,61.742,38.258,100,7,100,36.9397
Ireland,IRL,2012,4599533,66.76633764,61.942,38.058,100,6.9,100,37.4219
Ireland,IRL,2013,4623816,67.11882712,62.141,37.859,100,7.7,100,36.1502
Ireland,IRL,2014,4657740,67.61126433,62.34,37.66,100,8.8,100,35.9674
Ireland,IRL,2015,4701957,68.25311366,62.538,37.462,100,9.5,100,37.4781
Ireland,IRL,2016,4755335,69.0279431,62.737,37.263,100,8.6,100,39.3894
Ireland,IRL,2017,4807388,69.78353898,62.947,37.053,100,10.1,100,38.1792
Ireland,IRL,2018,4867316,70.65344753,63.17,36.83,100,10.8,100,37.8977
Ireland,IRL,2019,4934340,71.62636087,63.405,36.595,100,12.3,100,36.2568
Ireland,IRL,2020,4985382,72.36728117,63.653,36.347,100,13.7,100,34.1987
Israel,ISR,2008,7308800,337.7449168,91.702,8.298,100,8.9,100,67.8895
Israel,ISR,2009,7485600,345.9149723,91.763,8.237,100,8.5,100,67.1192
Israel,ISR,2010,7623600,352.2920518,91.826,8.174,100,8.6,100,72.0337
Israel,ISR,2011,7765800,358.8632163,91.892,8.108,100,9.1,100,71.2182
Israel,ISR,2012,7910500,365.5499076,91.96,8.04,100,2.9,100,77.6618
Israel,ISR,2013,8059500,372.435305,92.031,7.969,100,3.3,100,68.3562
Israel,ISR,2014,8215700,379.6534196,92.104,7.896,100,3.7,100,66.0166
Israel,ISR,2015,8380100,387.2504621,92.179,7.821,100,3.7,100,68.0736
Israel,ISR,2016,8546000,394.9168207,92.256,7.744,100,4,100,67.6626
Israel,ISR,2017,8713300,402.6478743,92.336,7.664,100,3.9,100,67.9277
Israel,ISR,2018,8882800,410.4805915,92.418,7.582,100,3.8,100,63.5495
Israel,ISR,2019,9054000,418.3918669,92.501,7.499,100,4.5,100,64.7752
Israel,ISR,2020,9215100,425.836414,92.587,7.413,100,5.6,100,60.1979
Italy,ITA,2008,58826731,198.9284758,68.092,31.908,100,10.8,100,464.7125
Italy,ITA,2009,59095365,199.8368885,68.209,31.791,100,12.5,100,413.4588
Italy,ITA,2010,59277417,200.4525156,68.327,31.673,100,12.8,100,423.0356
Italy,ITA,2011,59379449,200.797547,68.444,31.556,100,11.9,100,414.2935
Italy,ITA,2012,59539717,201.3395093,68.684,31.316,100,14.4,100,394.019
Italy,ITA,2013,60233948,203.6871208,68.979,31.021,100,16.3,100,361.3839
Italy,ITA,2014,60789140,205.5645581,69.272,30.728,100,17.1,100,342.9496
Italy,ITA,2015,60730582,205.3665384,69.565,30.435,100,16.6,100,353.6594
Italy,ITA,2016,60627498,205.0179495,69.855,30.145,100,16.1,100,348.9828
Italy,ITA,2017,60536709,204.7109374,70.144,29.856,100,16.4,100,345.3645
Italy,ITA,2018,60421760,204.3222259,70.438,29.562,100,17.1,100,340.336
Italy,ITA,2019,59729081,201.9805456,70.736,29.264,100,17.3,100,331.7847
Italy,ITA,2020,59438851,200.9991005,71.039,28.961,100,18.7,100,295.1252
Japan,JPN,2008,128063000,351.3388203,89.103,10.897,100,4.4,100,1224.1373
Japan,JPN,2009,128047000,351.2949246,89.989,10.011,100,4.5,100,1160.5822
Japan,JPN,2010,128070000,351.3580247,90.812,9.188,100,4.7,100,1220.1217
Japan,JPN,2011,127833000,350.7078189,91.069,8.931,100,4.8,100,1272.5496
Japan,JPN,2012,127629000,350.1481481,91.148,8.852,100,4.7,100,1310.7079
Japan,JPN,2013,127445000,349.6433471,91.226,8.774,100,5,100,1325.6359
Japan,JPN,2014,127276000,349.1796982,91.304,8.696,100,5.6,100,1275.3314
Japan,JPN,2015,127141000,348.8093278,91.381,8.619,100,6.2,100,1234.7191
Japan,JPN,2016,127076000,348.6310014,91.457,8.543,100,6.4,100,1221.3967
Japan,JPN,2017,126972000,348.345679,91.535,8.465,100,6.9,100,1205.9214
Japan,JPN,2018,126811000,347.9039781,91.616,8.384,100,7.3,100,1166.6375
Japan,JPN,2019,126633000,347.4156379,91.698,8.302,100,7.8,100,1127.7446
Japan,JPN,2020,126261000,346.3950617,91.782,8.218,100,8.5,100,1062.869
Kyrgyz Republic,KGZ,2008,5318729,27.73059958,35.285,64.715,99.5,22,68.2,7.6036
Kyrgyz Republic,KGZ,2009,5389643,28.10032847,35.284,64.716,99.5,24.7,70.1,6.8986
Kyrgyz Republic,KGZ,2010,5467059,28.50395725,35.306,64.694,99,25.6,71.5,6.4851
Kyrgyz Republic,KGZ,2011,5546586.5,28.91859489,35.352,64.648,98.3,26,72.8,7.8085
Kyrgyz Republic,KGZ,2012,5652076,29.46859228,35.423,64.577,99.8,22.4,74.2,10.2332
Kyrgyz Republic,KGZ,2013,5777150,30.12069864,35.517,64.483,98.9,24.8,75.1,9.5841
Kyrgyz Republic,KGZ,2014,5905847.5,30.79169708,35.635,64.365,99.8,26.6,76,9.8589
Kyrgyz Republic,KGZ,2015,6040035.5,31.49132169,35.777,64.223,98.7,23.5,76.6,10.2587
Kyrgyz Republic,KGZ,2016,6175337.5,32.19675443,35.944,64.056,99.7,22.2,76.9,9.7179
Kyrgyz Republic,KGZ,2017,6306695.5,32.88162409,36.135,63.865,100,24.7,77.2,9.5944
Kyrgyz Republic,KGZ,2018,6444078.5,33.59790667,36.351,63.649,100,23.4,77.3,11.4059
Kyrgyz Republic,KGZ,2019,6590211,34.35980709,36.591,63.409,99.9,28.3,77.3,10.1614
Kyrgyz Republic,KGZ,2020,6726595.5,35.07088373,36.856,63.144,99.9,30,77.1,9.1595
Latvia,LVA,2008,2177322,34.98998827,67.834,32.166,99.7,33.7,100,8.4559
Latvia,LVA,2009,2141669,34.41703762,67.814,32.186,100,38.4,100,7.7149
Latvia,LVA,2010,2097555,33.70811706,67.841,32.159,99.8,33.1,100,8.864
Latvia,LVA,2011,2059709,33.09992447,67.869,32.131,99.8,35.5,100,8.204
Latvia,LVA,2012,2034319,32.69190223,67.897,32.103,100,40.4,100,7.9978
Latvia,LVA,2013,2012647,32.34362897,67.925,32.075,100,39.6,100,7.763
Latvia,LVA,2014,1993782,32.04046475,67.952,32.048,100,40.2,100,7.5388
Latvia,LVA,2015,1977527,31.77924374,67.98,32.02,100,38.1,100,7.6272
Latvia,LVA,2016,1959537,31.49014094,68.021,31.979,100,38.5,100,7.4529
Latvia,LVA,2017,1942248,31.21230334,68.075,31.925,100,42.6,100,7.4036
Latvia,LVA,2018,1927174,30.97006123,68.142,31.858,100,41,100,8.0762
Latvia,LVA,2019,1913822,30.75549199,68.222,31.778,100,41.5,100,7.871
Latvia,LVA,2020,1900449,30.53911297,68.315,31.685,100,43.8,100,7.2521
Lithuania,LTU,2008,3198231,51.02881532,66.848,33.152,99.4,18.3,100,15.8161
Lithuania,LTU,2009,3162916,50.46535301,66.842,33.158,99.5,20.1,100,13.195
Lithuania,LTU,2010,3097282,49.4181412,66.757,33.243,99.7,21.5,100,14.0266
Lithuania,LTU,2011,3028115,48.31533012,66.741,33.259,99.7,22.7,100,14.3115
Lithuania,LTU,2012,2987773,47.67165013,66.864,33.136,100,23.9,100,14.4789
Lithuania,LTU,2013,2957689,47.19088951,66.986,33.014,100,26.3,100,13.3554
Lithuania,LTU,2014,2932367,46.80553871,67.108,32.892,100,27.7,100,13.2056
Lithuania,LTU,2015,2904910,46.36727853,67.23,32.77,100,29,100,13.6544
Lithuania,LTU,2016,2868231,45.78766642,67.366,32.634,100,31.5,100,13.5165
Lithuania,LTU,2017,2828403,45.15258377,67.516,32.484,100,33.8,100,13.9576
Lithuania,LTU,2018,2801543,44.73164618,67.679,32.321,100,33.7,100,14.0131
Lithuania,LTU,2019,2794137,44.6205206,67.855,32.145,100,33.5,100,14.2898
Lithuania,LTU,2020,2794885,44.63246567,68.046,31.954,100,31.7,100,14.2477
Netherlands,NLD,2008,16445593,487.1324941,85.402,14.598,100,3.9,100,178.9336
Netherlands,NLD,2009,16530388,490.0796917,86.288,13.712,100,4.4,100,173.665
Netherlands,NLD,2010,16615394,492.5998814,87.134,12.866,100,3.9,100,185.1021
Netherlands,NLD,2011,16693074,495.0496441,87.879,12.121,100,4.7,100,173.0457
Netherlands,NLD,2012,16754962,496.8849941,88.588,11.412,100,4.9,100,170.4764
Netherlands,NLD,2013,16804432,498.7958445,89.187,10.813,100,5,100,169.2603
Netherlands,NLD,2014,16865008,500.5938854,89.69,10.31,100,5.6,100,161.8681
Netherlands,NLD,2015,16939923,503.1162162,90.173,9.827,100,5.8,100,169.81
Netherlands,NLD,2016,17030314,505.8008316,90.635,9.365,100,5.6,100,171.23
Netherlands,NLD,2017,17131296,508.8,91.077,8.923,100,6.4,100,168.5452
Netherlands,NLD,2018,17231624,511.7797446,91.49,8.51,100,7.4,100,163.2334
Netherlands,NLD,2019,17344874,515.1432729,91.876,8.124,100,8.6,100,157.844
Netherlands,NLD,2020,17441500,518.013068,92.236,7.764,100,10.7,100,142.2705
North Macedonia,MKD,2008,1971493,78.14082442,57.175,42.825,99.2,15.6,65.45,10.1404
North Macedonia,MKD,2009,1958782,77.66780333,57.117,42.883,99.2,18.4,66.75,9.1198
North Macedonia,MKD,2010,1946298,77.17279937,57.089,42.911,99.5,22.3,68.1,9.1733
North Macedonia,MKD,2011,1937398,76.81990484,57.092,42.908,99.7,18.6,69.2,10.2423
North Macedonia,MKD,2012,1929821,76.51946868,57.125,42.875,99.6,18.3,70.3,9.6186
North Macedonia,MKD,2013,1922716,76.23774782,57.189,42.811,99.7,21.2,71.5,8.7945
North Macedonia,MKD,2014,1917557,76.03318795,57.284,42.716,99.8,21.2,72.6,8.3502
North Macedonia,MKD,2015,1912430,75.82989691,57.408,42.592,99.9,23.9,73.5,7.9369
North Macedonia,MKD,2016,1906313,75.58735131,57.563,42.437,100,21.4,75.1,7.6236
North Macedonia,MKD,2017,1898657,75.28378271,57.748,42.252,100,19,75.7,7.9861
North Macedonia,MKD,2018,1889051,74.90289453,57.963,42.037,99.8,20.9,76.8,7.5528
North Macedonia,MKD,2019,1876262,74.39579699,58.208,41.792,100,17,78.2,8.6815
North Macedonia,MKD,2020,1856124,73.59730373,58.482,41.518,100,20,79.6,7.5919
Norway,NOR,2008,4768212,13.05486743,78.526,21.474,100,58.5,100,45.4758
Norway,NOR,2009,4828726,13.22054846,78.815,21.185,100,56.7,100,44.0298
Norway,NOR,2010,4889252,13.38626233,79.102,20.898,100,56,100,47.1631
Norway,NOR,2011,4953088,13.56103865,79.455,20.545,100,56,100,46.1207
Norway,NOR,2012,5018573,13.74032975,79.874,20.126,100,56.9,100,45.6491
Norway,NOR,2013,5079623,13.91208868,80.286,19.714,100,56.6,100,46.232
Norway,NOR,2014,5137232,14.07044491,80.692,19.308,100,55.8,100,46.3844
Norway,NOR,2015,5188607,14.20793848,81.091,18.909,100,56.5,100,47.225
Norway,NOR,2016,5234519,14.33542438,81.485,18.515,100,57.7,100,46.3279
Norway,NOR,2017,5276968,14.45257626,81.871,18.129,100,58.9,100,46.3477
Norway,NOR,2018,5311916,14.54888964,82.248,17.752,100,58.9,100,45.7485
Norway,NOR,2019,5347896,14.6479975,82.616,17.384,100,59.8,100,44.6071
Norway,NOR,2020,5379475,14.76721523,82.974,17.026,100,60.9,100,43.3609
Paraguay,PRY,2008,5613574,14.12930783,58.612,41.388,96.7,65.8,53.1,4.5471
Paraguay,PRY,2009,5671236,14.27444249,58.937,41.063,96.9,65.4,55,4.6908
Paraguay,PRY,2010,5737971,14.44241379,59.261,40.739,97.4,63.6,56.9,5.2207
Paraguay,PRY,2011,5814626,14.63535364,59.584,40.416,98.2,62.5,59.3,5.4265
Paraguay,PRY,2012,5897008,14.84270828,59.907,40.093,97.8,63.4,61.1,5.3865
Paraguay,PRY,2013,5982445,15.05775233,60.197,39.803,99,62.5,62.8,5.6275
Paraguay,PRY,2014,6069811,15.27765165,60.474,39.526,99,62.5,64.4,5.9781
Paraguay,PRY,2015,6159103,15.50239869,60.75,39.25,99.3,60.5,65.5,6.7133
Paraguay,PRY,2016,6249126,15.72898565,61.026,38.974,98.4,62.5,66.4,7.5879
Paraguay,PRY,2017,6338660,15.95434181,61.3,38.7,99.3,60.1,67.2,8.4471
Paraguay,PRY,2018,6427382,16.17765417,61.585,38.415,99.6,59.2,67.7,8.7196
Paraguay,PRY,2019,6515058,16.39833375,61.879,38.121,99.7,60.1,68.1,8.4965
Paraguay,PRY,2020,6603739,16.62154291,62.183,37.817,99.7,61.5,68.3,7.9575
Peru,PER,2008,28719041,22.43675078,76.052,23.948,84.7,33.7,61.9,38.9829
Peru,PER,2009,28896811,22.57563359,76.241,23.759,86.4,32.9,63.9,41.9637
Peru,PER,2010,29086019,22.72345234,76.43,23.57,88.1,32.2,65.7,45.8354
Peru,PER,2011,29304086,22.89381719,76.617,23.383,89.7,30.6,67.8,49.1665
Peru,PER,2012,29550366,23.08622344,76.804,23.196,91.1,30.8,69.8,49.1075
Peru,PER,2013,29817919,23.29524922,76.989,23.011,92.1,28.4,71.7,50.1197
Peru,PER,2014,30115826,23.52798906,77.173,22.827,92.9,28.6,73.7,53.1694
Peru,PER,2015,30457600,23.795,77.357,22.643,93.9,27.4,75.5,54.7017
Peru,PER,2016,30866494,24.11444844,77.539,22.461,94.2,27.2,77.6,57.4518
Peru,PER,2017,31324637,24.47237266,77.72,22.28,94.8,27.6,79.5,55.1327
Peru,PER,2018,31897584,24.9199875,77.907,22.093,95.2,27.9,81.4,55.2877
Peru,PER,2019,32449303,25.35101797,78.099,21.901,95.6,27.1,83.3,58.1542
Peru,PER,2020,32838579,25.65513984,78.297,21.703,96.2,31.6,84.8,47.5498
Poland,POL,2008,38125759,124.4719523,61.116,38.884,99.8,8,100,324.7491
Poland,POL,2009,38151603,124.5644606,61.004,38.996,100,8.8,100,311.3923
Poland,POL,2010,38042794,124.2092007,60.892,39.108,100,9.5,100,329.2826
Poland,POL,2011,38063255,124.2962969,60.78,39.22,100,10.4,100,327.0922
Poland,POL,2012,38063164,124.3000588,60.654,39.346,100,10.9,100,319.8054
Poland,POL,2013,38040196,124.2291107,60.529,39.471,100,11.4,100,315.4796
Poland,POL,2014,38011735,124.1442732,60.403,39.597,100,11.6,100,302.9716
Poland,POL,2015,37986412,124.0615696,60.278,39.722,100,11.9,100,306.1332
Poland,POL,2016,37970087,124.008253,60.178,39.822,100,11.3,100,317.1916
Poland,POL,2017,37974826,124.0237304,60.105,39.895,100,11.1,100,330.7494
Poland,POL,2018,37974750,124.0315838,60.058,39.942,100,15.1,100,330.0904
Poland,POL,2019,37965475,124.0255954,60.037,39.963,100,15.6,100,312.3389
Poland,POL,2020,37899070,123.8005749,60.043,39.957,100,16.1,100,296.3334
Portugal,PRT,2008,10558177,115.4277577,59.359,40.641,100,23.2,100,59.153
Portugal,PRT,2009,10568247,115.3864723,59.964,40.036,100,24.9,100,58.3974
Portugal,PRT,2010,10573100,115.4394585,60.567,39.433,100,27.8,100,53.1664
Portugal,PRT,2011,10557560,115.2697893,61.167,38.833,100,27.2,100,51.3708
Portugal,PRT,2012,10514844,114.8034065,61.763,38.237,100,25.5,100,49.7211
Portugal,PRT,2013,10457295,114.1561287,62.352,37.648,100,30.2,100,48.1165
Portugal,PRT,2014,10401062,113.5417704,62.936,37.064,100,30.5,100,47.6466
Portugal,PRT,2015,10358076,113.0725196,63.514,36.486,100,27.2,100,51.674
Portugal,PRT,2016,10325452,112.7163842,64.086,35.914,100,29,100,50.5005
Portugal,PRT,2017,10300300,112.4418158,64.652,35.348,100,24.4,100,55.117
Portugal,PRT,2018,10283822,112.261936,65.211,34.789,100,27.5,100,51.0801
Portugal,PRT,2019,10286263,112.2885828,65.764,34.236,100,28.2,100,46.4038
Portugal,PRT,2020,10297081,112.406676,66.31,33.69,100,31.3,100,40.8004
Romania,ROU,2008,20537875,89.33394954,53.567,46.433,96.5,20.4,100,103.8612
Romania,ROU,2009,20367487,88.53119621,53.698,46.302,96.8,22.1,100,84.8545
Romania,ROU,2010,20246871,88.01074114,53.829,46.171,97.1,24.1,100,82.3001
Romania,ROU,2011,20147528,87.53324934,53.96,46.04,97.4,21.1,100,88.8281
Romania,ROU,2012,20058035,87.20126511,53.974,46.026,97.8,21.5,100,86.7375
Romania,ROU,2013,19983693,86.87429031,53.937,46.063,98.1,23.1,100,79.0999
Romania,ROU,2014,19908979,86.53068063,53.9,46.1,98.4,24.3,100,78.693
Romania,ROU,2015,19815616,86.12489569,53.887,46.113,98.8,23.7,100,79.9271
Romania,ROU,2016,19702267,85.63224531,53.9,46.1,99.1,24.4,100,78.2478
Romania,ROU,2017,19588715,85.13871262,53.936,46.064,100,23.4,100,81.2563
Romania,ROU,2018,19473970,84.63999478,53.998,46.002,99.8,23,100,82.3672
Romania,ROU,2019,19371648,84.19527121,54.084,45.916,100,23.5,100,80.5788
Romania,ROU,2020,19265250,83.73283206,54.194,45.806,100,24.1,100,75.4253
Slovenia,SVN,2008,2021316,100.3323704,52.209,47.791,100,17.6,100,18.8881
Slovenia,SVN,2009,2039669,101.2453712,52.433,47.567,100,19.6,100,16.8902
Slovenia,SVN,2010,2048583,101.6858266,52.658,47.342,100,20.1,100,17.1627
Slovenia,SVN,2011,2052843,101.8982925,52.883,47.117,100,19.1,100,16.0823
Slovenia,SVN,2012,2057159,102.1140492,53.108,46.892,100,20.2,100,15.5193
Slovenia,SVN,2013,2059953,102.2816783,53.332,46.668,100,22.5,100,15.5139
Slovenia,SVN,2014,2061980,102.3823237,53.557,46.443,100,22.9,100,14.1302
Slovenia,SVN,2015,2063531,102.4461092,53.781,46.219,100,21.4,100,14.2991
Slovenia,SVN,2016,2065042,102.5241783,54.02,45.98,100,21,100,15.0252
Slovenia,SVN,2017,2066388,102.6108719,54.273,45.727,100,19.7,100,15.3483
Slovenia,SVN,2018,2073894,102.9922926,54.541,45.459,100,20.6,100,15.3301
Slovenia,SVN,2019,2088385,103.7119346,54.822,45.178,100,20.9,100,14.8845
Slovenia,SVN,2020,2102419,104.4088814,55.118,44.882,100,22.7,100,13.5479
Spain,ESP,2008,45954106,92.12932237,77.976,22.024,100,9.7,100,342.716
Spain,ESP,2009,46362946,92.97506517,78.21,21.79,100,12.2,100,303.4514
Spain,ESP,2010,46576897,93.15193096,78.442,21.558,100,14.4,100,290.5488
Spain,ESP,2011,46742697,93.50783588,78.673,21.327,100,14.7,100,292.657
Spain,ESP,2012,46773055,93.50683713,78.902,21.098,100,15.8,100,286.6176
Spain,ESP,2013,46620045,93.2009456,79.133,20.867,100,16.9,100,259.9319
Spain,ESP,2014,46480882,92.92273645,79.366,20.634,100,17.3,100,257.3207
Spain,ESP,2015,46444832,92.95268592,79.602,20.398,100,16.3,100,273.2968
Spain,ESP,2016,46484062,93.04926296,79.84,20.16,100,16.7,100,264.5244
Spain,ESP,2017,46593236,93.27091015,80.08,19.92,100,15.2,100,281.0535
Spain,ESP,2018,46797754,93.66979208,80.321,19.679,100,16.9,100,274.3705
Spain,ESP,2019,47134837,94.3508089,80.565,19.435,100,16.7,100,257.113
Spain,ESP,2020,47365655,94.81538375,80.81,19.19,100,19.3,100,216.9768
Sweden,SWE,2008,9219637,22.63377962,84.746,15.254,100,43.2,100,52.1376
Sweden,SWE,2009,9298515,22.82742144,84.902,15.098,100,45.7,100,47.5792
Sweden,SWE,2010,9378126,23.02286274,85.056,14.944,100,44.7,100,53.5567
Sweden,SWE,2011,9449213,23.19737801,85.297,14.703,100,45.4,100,49.2663
Sweden,SWE,2012,9519374,23.36962,85.62,14.38,100,48.3,100,46.874
Sweden,SWE,2013,9600379,23.5684835,85.936,14.064,100,47.3,100,45.1071
Sweden,SWE,2014,9696110,23.80349865,86.247,13.753,100,48.6,100,43.786
Sweden,SWE,2015,9799186,24.05826177,86.553,13.447,100,51.9,100,44.1553
Sweden,SWE,2016,9923085,24.36244975,86.852,13.148,100,50.9,100,43.6925
Sweden,SWE,2017,10057698,24.69294198,87.146,12.854,100,51.8,100,43.3125
Sweden,SWE,2018,10175214,24.98145887,87.431,12.569,100,51.6,100,40.9315
Sweden,SWE,2019,10278887,25.23788794,87.708,12.292,100,52.9,100,40.2031
Sweden,SWE,2020,10353442,25.42094382,87.977,12.023,100,57.8,100,39.0794
Switzerland,CHE,2008,7647675,193.5413607,73.556,26.444,100,19.6,100,45.9985
Switzerland,CHE,2009,7743831,195.9777672,73.581,26.419,100,20,100,44.6352
Switzerland,CHE,2010,7824909,198.0326587,73.607,26.393,100,20.6,100,46.3149
Switzerland,CHE,2011,7912398,200.2498644,73.631,26.369,100,20.6,100,42.2793
Switzerland,CHE,2012,7996861,202.390548,73.653,26.347,100,21.9,100,43.5915
Switzerland,CHE,2013,8089346,204.7343366,73.674,26.326,100,21.8,100,44.601
Switzerland,CHE,2014,8188649,207.2507514,73.696,26.304,100,22.2,100,40.8946
Switzerland,CHE,2015,8282396,209.6266208,73.718,26.282,100,23.9,100,40.2179
Switzerland,CHE,2016,8373338,211.9315721,73.739,26.261,100,24.1,100,40.7745
Switzerland,CHE,2017,8451840,213.9184801,73.761,26.239,100,25,100,39.7921
Switzerland,CHE,2018,8514329,215.5000945,73.797,26.203,100,24.2,100,38.4872
Switzerland,CHE,2019,8575280,217.0427817,73.849,26.151,100,24.8,100,38.3837
Switzerland,CHE,2020,8638167,218.6344696,73.915,26.085,100,26.4,100,35.8595
Thailand,THA,2008,67619830,132.3569261,41.242,58.758,94.8,22.6,70.5,238.3048
Thailand,THA,2009,68121080,133.3380571,42.543,57.457,99,22.8,71.55,231.4285
Thailand,THA,2010,68579447,134.2352502,43.856,56.144,99.7,22.8,72.8,245.6832
Thailand,THA,2011,69007208,135.0725362,44.698,55.302,99.3,23,74,246.0704
Thailand,THA,2012,69436098,135.9120319,45.445,54.555,99.1,23.6,75.3,264.102
Thailand,THA,2013,69845114,136.712627,46.193,53.807,99.4,23.2,76.4,275.3196
Thailand,THA,2014,70216367,137.4393059,46.943,53.057,99.5,24.4,77.4,271.7352
Thailand,THA,2015,70540795,138.0743311,47.694,52.306,99.6,22.6,78.7,279.0886
Thailand,THA,2016,70859841,138.6988217,48.448,51.552,99.9,22.4,79.8,275.3767
Thailand,THA,2017,71160187,139.2867095,49.2,50.8,99.9,22.2,81,274.037
Thailand,THA,2018,71376079,139.7092897,49.949,50.051,99.8,23.7,82.2,271.251
Thailand,THA,2019,71522271,139.9954413,50.692,49.308,99.9,23.9,83.1,281.5515
Thailand,THA,2020,71641484,140.2287851,51.43,48.57,100,20.9,84.3,274.2991
Turkiye,TUR,2008,71051678,92.3192677,69.651,30.349,99.7,12.5,93.8,299.0327
Turkiye,TUR,2009,72039206,93.60238816,70.241,29.759,99.7,13.1,94,301.4417
Turkiye,TUR,2010,73142150,95.03547159,70.825,29.175,100,14.2,94.2,312.2163
Turkiye,TUR,2011,74223629,96.44066499,71.402,28.598,100,12.7,94.5,332.7711
Turkiye,TUR,2012,75175827,97.67788028,71.974,28.026,100,13,94.6,344.1787
Turkiye,TUR,2013,76147624,98.94056105,72.531,27.469,100,13.8,94.7,334.1108
Turkiye,TUR,2014,77181884,100.2844016,73.077,26.923,100,11.5,94.8,355.6857
Turkiye,TUR,2015,78218479,101.6312761,73.611,26.389,100,13.3,94.8,368.3596
Turkiye,TUR,2016,79277962,103.0078895,74.134,25.866,100,13.2,95,392.3754
Turkiye,TUR,2017,80312698,104.3523485,74.644,25.356,100,11.4,95,434.0801
Turkiye,TUR,2018,81407204,105.7744683,75.143,24.857,100,11.8,95.1,430.3928
Turkiye,TUR,2019,82579440,107.2975846,75.63,24.37,100,14.1,95.2,415.2444
Turkiye,TUR,2020,83384680,108.3438535,76.105,23.895,100,13.7,95.3,425.093
Ukraine,UKR,2008,46819175,80.81746703,68.325,31.675,99.8,2.7,94.2,347.5183
Ukraine,UKR,2009,46623731,80.48009908,68.502,31.498,99.9,3,94.3,288.222
Ukraine,UKR,2010,46456003,80.19057343,68.596,31.404,100,2.9,94.55,309.2208
Ukraine,UKR,2011,46307853,79.93484257,68.689,31.311,100,2.7,94.6,326.936
Ukraine,UKR,2012,46210056,79.76602914,68.782,31.218,99.9,2.9,94.9,318.8237
Ukraine,UKR,2013,46126770,79.62226403,68.875,31.125,100,3.5,95,308.9306
Ukraine,UKR,2014,45972380,79.35987157,68.968,31.032,100,3.5,95.1,265.0329
Ukraine,UKR,2015,45784896,79.03622711,69.061,30.939,100,4.2,95.3,221.5948
Ukraine,UKR,2016,45616832,78.74610644,69.154,30.846,100,5.5,95.2,221.9612
Ukraine,UKR,2017,45436041,78.43266183,69.246,30.754,100,6.5,95.1,200.128
Ukraine,UKR,2018,45208907,78.02710908,69.352,30.648,100,6.9,95.3,213.6814
Ukraine,UKR,2019,44957458,77.59312737,69.473,30.527,100,7.4,95.2,201.5269
Ukraine,UKR,2020,44680014,77.11428029,69.608,30.392,100,8.7,95.1,192.0138
United Kingdom,GBR,2008,61806995,255.4747034,80.757,19.243,100,2.4,100,531.3931
United Kingdom,GBR,2009,62276270,257.4144174,81.031,18.969,100,3,100,481.789
United Kingdom,GBR,2010,62766365,259.4401893,81.302,18.698,100,3.2,100,497.6151
United Kingdom,GBR,2011,63258810,261.4756748,81.57,18.43,100,4,100,457.8869
United Kingdom,GBR,2012,63700215,263.3001901,81.837,18.163,100,4.2,100,480.7009
United Kingdom,GBR,2013,64128273,265.0695366,82.102,17.898,100,5.2,100,467.4401
United Kingdom,GBR,2014,64602298,267.0288844,82.365,17.635,100,6.6,100,428.9045
United Kingdom,GBR,2015,65116219,269.1531393,82.626,17.374,100,7.7,100,414.2155
United Kingdom,GBR,2016,65611593,271.2007316,82.886,17.114,100,7.7,100,394.1968
United Kingdom,GBR,2017,66058859,273.049473,83.143,16.857,100,8.8,100,379.2145
United Kingdom,GBR,2018,66460344,274.7089819,83.398,16.602,100,10.2,100,373.3339
United Kingdom,GBR,2019,66836327,276.2630802,83.652,16.348,100,11.4,100,357.881
United Kingdom,GBR,2020,67081234,277.2753854,83.903,16.097,100,13.6,100,320.5414
United States,USA,2008,304093966,33.24368685,80.438,19.562,100,6.8,100,5689.6995
United States,USA,2009,306771529,33.53639923,80.606,19.394,100,7.3,100,5273.5107
United States,USA,2010,309327143,33.81578008,80.772,19.228,100,7.4,100,5521.9663
United States,USA,2011,311583481,34.06244395,80.944,19.056,100,8.4,100,5308.1164
United States,USA,2012,313877662,34.31324483,81.119,18.881,100,8.5,100,5088.2532
United States,USA,2013,316059947,34.55181319,81.299,18.701,100,8.9,100,5225.2858
United States,USA,2014,318386329,34.8061343,81.483,18.517,100,9,100,5244.399
United States,USA,2015,320738994,35.06332868,81.671,18.329,100,8.9,100,5133.5565
United States,USA,2016,323071755,35.31834714,81.862,18.138,100,9.3,100,5029.157
United States,USA,2017,325122128,35.54249482,82.058,17.942,100,9.7,100,4959.6319
United States,USA,2018,326838199,35.73009646,82.256,17.744,100,9.9,100,5117.5686
United States,USA,2019,328329953,35.89317567,82.459,17.541,100,10.2,100,4966.9703
United States,USA,2020,331526933,36.24267094,82.664,17.336,100,11,100,4466.7314
Russian Federation,RUS,2008,142742366,8.716095689,73.598,26.402,98.3,3.3,99.7,1744.612
Russian Federation,RUS,2009,142785348,8.718720244,73.642,26.358,98.4,3.6,99.7,1642.9749
Russian Federation,RUS,2010,142849468,8.722635522,73.687,26.313,99.3,3.3,99.6,1719.8096
Russian Federation,RUS,2011,143018195,8.732938284,73.732,26.268,99.2,3.2,99.6,1806.4603
Russian Federation,RUS,2012,143378447,8.754935894,73.791,26.209,100,3.2,99.5,1793.6343
Russian Federation,RUS,2013,143805638,8.781020915,73.863,26.137,100,3.6,99.5,1738.0707
Russian Federation,RUS,2014,144237223,8.807374242,73.95,26.05,100,3.3,99.6,1720.489
Russian Federation,RUS,2015,144640716,8.832012222,74.05,25.95,95.5,3.2,99.5,1726.8321
Russian Federation,RUS,2016,145015460,8.854894739,74.164,25.836,99.4,3.4,99.5,1700.3653
Russian Federation,RUS,2017,145293260,8.871857687,74.292,25.708,100,3.2,99.5,1730.5225
Russian Federation,RUS,2018,145398106,8.878259765,74.433,25.567,100,3.2,99.5,1806.8014
Russian Federation,RUS,2019,145453291,8.881629457,74.587,25.413,99.8,3.2,99.5,1877.0238
Russian Federation,RUS,2020,145245148,8.868919885,74.754,25.246,99.9,3.7,99.4,1789.2514
Indonesia,IDN,2008,240157903,127.9123689,48.335,51.665,92.7,41.1,28.45,393.8964
Indonesia,IDN,2009,243220028,129.5433111,49.134,50.866,93.6,38.2,34.2,409.8985
Indonesia,IDN,2010,246305322,131.1865936,49.914,50.086,94.2,36,40.6,434.5687
Indonesia,IDN,2011,249470032,132.8721744,50.595,49.405,94.8,32.4,46.6,496.3287
Indonesia,IDN,2012,252698525,134.5917272,51.276,48.724,96,30.1,52.6,503.4282
Indonesia,IDN,2013,255852467,136.2715728,51.955,48.045,96.5,30.6,58.1,469.3824
Indonesia,IDN,2014,258877399,137.8827053,52.635,47.365,97,29.3,63,505.126
Indonesia,IDN,2015,261799249,139.4389346,53.313,46.687,97.5,26.6,67.3,512.105
Indonesia,IDN,2016,264627418,140.9452677,53.989,46.011,97.6,27.8,71.6,506.2579
Indonesia,IDN,2017,267346658,142.3935832,54.659,45.341,98.1,25.2,75.5,542.0537
Indonesia,IDN,2018,269951846,143.7811527,55.325,44.675,98.5,22,78.9,596.9417
Indonesia,IDN,2019,272489381,145.1326889,55.985,44.015,98.9,19.8,82.1,636.7911
Indonesia,IDN,2020,274814866,146.3712836,56.641,43.359,97,21.9,84.8,594.277
Iran,IRN,2008,75514204,46.36300253,69.458,30.542,98.8,0.7,96.5,549.7509
Iran,IRN,2009,76457825,46.94235185,70.045,29.955,99.7,0.8,96.8,571.3448
Iran,IRN,2010,77420842,47.53360962,70.626,29.374,99.4,0.9,96.9,574.6116
Iran,IRN,2011,78383598,48.12470714,71.2,28.8,99.5,0.9,97,584.0948
Iran,IRN,2012,79370580,48.73067855,71.755,28.245,99.5,0.9,97.1,591.1841
Iran,IRN,2013,80414686,49.37172205,72.295,27.705,99.8,1,97.1,611.3338
Iran,IRN,2014,81502045,50.03932132,72.83,27.17,100,0.9,97.1,635.1866
Iran,IRN,2015,82619362,50.72531374,73.358,26.642,100,0.9,97.1,628.8444
Iran,IRN,2016,83812228,51.45769051,73.88,26.12,100,1,97,641.4569
Iran,IRN,2017,85026754,52.40477904,74.394,25.606,99.9,1,96.8,664.8995
Iran,IRN,2018,86117998,53.07734854,74.898,25.102,100,1,96.6,676.5598
Iran,IRN,2019,87051648,53.65278767,75.391,24.609,100,1,96.5,664.1015
Iran,IRN,2020,87723443,54.06683698,75.874,24.126,100,0.9,96.4,656.7982
Kazakhstan,KAZ,2008,16426525,6.084574212,56.682,43.318,100,1.1,90.5,253.123
Kazakhstan,KAZ,2009,16619846,6.156182539,56.755,43.245,100,1.3,91.2,225.3866
Kazakhstan,KAZ,2010,16836810,6.236548505,56.827,43.173,100,1.4,91.6,241.989
Kazakhstan,KAZ,2011,17066002,6.321443864,56.9,43.1,99.8,1.4,92.1,258.3271
Kazakhstan,KAZ,2012,17306106,6.410381153,56.973,43.027,100,1.3,92.4,256.2936
Kazakhstan,KAZ,2013,17556502,6.503130718,57.046,42.954,100,1.2,92.8,275.2521
Kazakhstan,KAZ,2014,17816285,6.599357336,57.118,42.882,100,1.3,93,228.4569
Kazakhstan,KAZ,2015,18084169,6.698584658,57.191,42.809,100,1.7,93.2,201.3691
Kazakhstan,KAZ,2016,18363600,6.802089121,57.264,42.736,100,2.1,93.4,211.5262
Kazakhstan,KAZ,2017,18651931,6.908890247,57.336,42.664,100,2,93.4,224.3208
Kazakhstan,KAZ,2018,18932727,7.012900322,57.428,42.572,100,1.9,93.4,225.9918
Kazakhstan,KAZ,2019,19209555,7.115440605,57.54,42.46,100,1.9,93.4,214.6891
Kazakhstan,KAZ,2020,19482117,7.216400711,57.671,42.329,100,1.8,93.5,222.677
Bolivia,BOL,2008,9850858,9.093379489,65.535,34.465,84.7,21.3,72.9,12.7492
Bolivia,BOL,2009,10016275,9.246076802,65.984,34.016,86.8,20.6,74.4,13.5964
Bolivia,BOL,2010,10182345,9.399376904,66.43,33.57,88,19.9,75.8,14.7076
Bolivia,BOL,2011,10348929,9.553151482,66.874,33.126,88.3,18.1,77.2,16.0021
Bolivia,BOL,2012,10515807,9.707197452,67.315,32.685,90.4,17.4,78.6,16.9694
Bolivia,BOL,2013,10682608,9.861172344,67.699,32.301,89.5,16,79.9,18.024
Bolivia,BOL,2014,10848888,10.0146663,68.047,31.953,90,15,81.2,19.309
Bolivia,BOL,2015,11014705,10.16773285,68.393,31.607,91.5,14.2,82.35,19.8345
Bolivia,BOL,2016,11180020,10.32033601,68.738,31.262,91.8,13.6,83.5,21.2787
Bolivia,BOL,2017,11344587,10.47224868,69.08,30.92,91.8,14.3,84.6,21.648
Bolivia,BOL,2018,11508368,10.6234358,69.425,30.575,92.8,14.3,85.6,21.851
Bolivia,BOL,2019,11671386,10.77391858,69.773,30.227,95.1,13.5,86.6,21.8707
Bolivia,BOL,2020,11816299,10.90768854,70.123,29.877,97.2,16.9,87.4,18.4606
Uruguay,URY,2008,3302177,18.86742658,93.998,6.002,98.8,44.1,100,7.8669
Uruguay,URY,2009,3310091,18.91264427,94.209,5.791,99.1,44.6,100,7.7867
Uruguay,URY,2010,3318580,18.9611473,94.414,5.586,99.3,53.3,100,6.4131
Uruguay,URY,2011,3326825,19.0082562,94.612,5.388,99.2,49.7,100,7.7424
Uruguay,URY,2012,3335401,19.05725631,94.739,5.261,99.6,47.9,100,8.8178
Uruguay,URY,2013,3345337,19.11402697,94.843,5.157,99.6,51.9,100,7.5959
Uruguay,URY,2014,3356334,19.17685979,94.945,5.055,99.7,56.7,100,6.6612
Uruguay,URY,2015,3368017,19.24361216,95.045,4.955,99.7,59.4,100,6.837
Uruguay,URY,2016,3379283,19.30798194,95.144,4.856,99.7,60.3,100,6.7355
Uruguay,URY,2017,3388438,19.36029025,95.24,4.76,99.8,60.8,100,6.341
Uruguay,URY,2018,3394534,19.39512056,95.334,4.666,99.8,60.8,100,6.8315
Uruguay,URY,2019,3397206,19.41038738,95.426,4.574,99.9,59.3,100,7.1178
Uruguay,URY,2020,3398968,19.42045481,95.515,4.485,100,61.2,100,6.8958
Panama,PAN,2008,3500648,47.08969599,64.56,35.44,86.3,23.4,100,7.2555
Panama,PAN,2009,3564381,47.94701372,64.851,35.149,87,20.4,100,8.6731
Panama,PAN,2010,3628535,48.80999462,65.14,34.86,86.9,20.6,100,9.1776
Panama,PAN,2011,3693505,49.68395211,65.437,34.563,88.6,19.7,100,9.9955
Panama,PAN,2012,3759256,50.56841539,65.741,34.259,89.3,21.2,100,10.4516
Panama,PAN,2013,3825329,51.45721012,66.052,33.948,89.1,20.7,100,10.2621
Panama,PAN,2014,3892101,52.5108068,66.371,33.629,90.8,19.8,100,10.7718
Panama,PAN,2015,3960035,53.42734754,66.696,33.304,91.6,22,100,10.6311
Panama,PAN,2016,4029086,54.35895845,67.027,32.973,92.4,22.1,100,10.6644
Panama,PAN,2017,4098707,55.29825958,67.365,32.635,93.7,23.6,100,10.1457
Panama,PAN,2018,4167860,56.18576436,67.709,32.291,93.8,24.5,100,9.9267
Panama,PAN,2019,4234700,57.08681585,68.059,31.941,93.9,19,100,13.1056
Panama,PAN,2020,4293261,57.87626045,68.414,31.586,95.3,28.5,100,9.5971
Bulgaria,BGR,2008,7492561,68.98592211,71.622,28.378,92.3,9.9,94.236,54.4064
Bulgaria,BGR,2009,7444443,68.57445652,71.963,28.037,92.9,11.6,94.691,46.4564
Bulgaria,BGR,2010,7395599,68.12453021,72.302,27.698,93.5,14.3,95.177,49.4329
Bulgaria,BGR,2011,7348328,67.68909359,72.638,27.362,94.1,13.2,95.582,54.7156
Bulgaria,BGR,2012,7305888,67.2981577,72.975,27.025,94.7,15.6,95.955,49.871
Bulgaria,BGR,2013,7265115,66.92257738,73.313,26.687,95.3,18.2,96.364,44.4068
Bulgaria,BGR,2014,7223938,66.54327561,73.651,26.349,95.9,17.1,96.714,47.2492
Bulgaria,BGR,2015,7177991,66.120035,73.99,26.01,96.6,17.9,97.009,49.7792
Bulgaria,BGR,2016,7127822,65.65790346,74.329,25.671,97.3,17.7,97.3,47.0982
Bulgaria,BGR,2017,7075947,65.18005711,74.669,25.331,98.1,17.1,97.536,49.2263
Bulgaria,BGR,2018,7025037,64.71109985,75.008,24.992,98.7,19.6,97.755,46.2676
Bulgaria,BGR,2019,6975761,64.25719418,75.347,24.653,99.2,19.3,97.945,44.5676
Bulgaria,BGR,2020,6934015,63.87265107,75.686,24.314,99.7,21.1,98.1,39.3622
El Salvador,SLV,2008,6029297,290.9892375,63.678,36.322,91,31.5,73.1,7.0862
El Salvador,SLV,2009,6048279,291.9053571,64.57,35.43,91.1,32.2,75.2,6.8948
El Salvador,SLV,2010,6068249,292.8691602,65.452,34.548,91.6,32.6,77,6.7208
El Salvador,SLV,2011,6090127,293.9250483,66.325,33.675,92.6,29.5,78.6,7.0198
El Salvador,SLV,2012,6113975,295.0760135,67.187,32.813,93.7,30.3,80.4,6.9949
El Salvador,SLV,2013,6138839,296.2760135,68.036,31.964,95,27.5,82.1,6.6284
El Salvador,SLV,2014,6162955,297.4399131,68.874,31.126,95.1,24,83.8,6.8083
El Salvador,SLV,2015,6183676,298.4399614,69.7,30.3,95.4,21,85.3,7.2629
El Salvador,SLV,2016,6200800,299.2664093,70.501,29.499,96,20.7,87,7.3236
El Salvador,SLV,2017,6213533,299.8809363,71.275,28.725,96.8,25,88.3,6.6285
El Salvador,SLV,2018,6219807,300.1837355,72.023,27.977,97,23.2,89.7,7.1002
El Salvador,SLV,2019,6222318,300.3049228,72.746,27.254,97.4,19.4,90.9,8.1035
El Salvador,SLV,2020,6234673,300.9012066,73.444,26.556,99.7,23.7,91.9,6.6591
Iceland,ISL,2008,317414,3.166224439,93.395,6.605,100,74,100,3.7862
Iceland,ISL,2009,318499,3.177047382,93.511,6.489,100,74.7,100,3.8286
Iceland,ISL,2010,318041,3.172478803,93.574,6.426,100,76,100,3.7373
Iceland,ISL,2011,319014,3.182184539,93.587,6.413,100,77.1,100,3.6033
Iceland,ISL,2012,320716,3.199162095,93.6,6.4,100,77.7,100,3.6509
Iceland,ISL,2013,323764,3.229566085,93.633,6.367,100,76.8,100,3.7362
Iceland,ISL,2014,327386,3.265695761,93.667,6.333,100,77.6,100,3.5613
Iceland,ISL,2015,330815,3.299900249,93.7,6.3,100,78,100,3.6549
Iceland,ISL,2016,335439,3.346024938,93.735,6.265,100,80.9,100,3.2142
Iceland,ISL,2017,343400,3.425436409,93.773,6.227,100,80.8,100,3.3148
Iceland,ISL,2018,352721,3.498175146,93.813,6.187,100,81.4,100,3.2955
Iceland,ISL,2019,360563,3.575949618,93.855,6.145,100,81.7,100,3.1653
Iceland,ISL,2020,366463,3.634463949,93.898,6.102,100,82.9,100,3.0602
Moldova,MDA,2008,2868833,99.86538796,42.682,57.318,99.1,4.9,89,7.7632
Moldova,MDA,2009,2865213,99.73937411,42.651,57.349,99.2,4.8,90.7,7.6323
Moldova,MDA,2010,2862354,99.77878482,42.62,57.38,99.3,20,92,8.3894
Moldova,MDA,2011,2860699,99.72109318,42.589,57.411,99.4,20.4,93.1,8.4266
Moldova,MDA,2012,2860324,99.67327595,42.558,57.442,99.5,22.1,94.1,8.2455
Moldova,MDA,2013,2859558,99.57718425,42.527,57.473,99.6,23.8,94.9,7.3433
Moldova,MDA,2014,2857815,99.51648849,42.496,57.504,99.8,24.3,95.65,7.885
Moldova,MDA,2015,2835978,98.75606783,42.49,57.51,99.9,24.7,96.1,8.1636
Moldova,MDA,2016,2803186,97.61416583,42.511,57.489,99.9,25.3,96.6,8.3042
Moldova,MDA,2017,2755189,95.90938838,42.557,57.443,100,26.1,96.8,8.1896
Moldova,MDA,2018,2707203,94.25439467,42.629,57.371,100,25.3,97,8.7553
Moldova,MDA,2019,2664224,92.75609357,42.726,57.274,100,22,97.3,9.0374
Moldova,MDA,2020,2635130,91.74732605,42.849,57.151,100,22.3,97.4,8.7757
Slovak Republic,SVK,2008,5379233,111.8343659,55.111,44.889,100,7.6,100,40.6952
Slovak Republic,SVK,2009,5386406,112.006779,54.96,45.04,100,10,100,36.8926
Slovak Republic,SVK,2010,5391428,112.1088769,54.685,45.315,100,10.3,100,39.3279
Slovak Republic,SVK,2011,5398384,112.2605224,54.42,45.58,100,10.4,100,37.5573
Slovak Republic,SVK,2012,5407579,112.4517343,54.28,45.72,100,10.5,100,35.8384
Slovak Republic,SVK,2013,5413393,112.5726377,54.14,45.86,100,10.7,100,36.1493
Slovak Republic,SVK,2014,5418649,112.7006864,54,46,100,12.2,100,33.6589
Slovak Republic,SVK,2015,5423801,112.8031488,53.889,46.111,100,13.4,100,34.1112
Slovak Republic,SVK,2016,5430798,112.9533694,53.806,46.194,100,13.1,100,35.0566
Slovak Republic,SVK,2017,5439232,113.1287854,53.751,46.249,100,12.4,100,37.3056
Slovak Republic,SVK,2018,5446771,113.2855865,53.726,46.274,100,12.4,100,36.6487
Slovak Republic,SVK,2019,5454147,113.4389975,53.729,46.271,100,17.6,100,34.4752
Slovak Republic,SVK,2020,5458827,113.5363353,53.76,46.24,100,17.6,100,32.31
